compound,salinity,group,replicate_number,day,methane_umoles
benzene,brackish,sterile,1,1,NA
benzene,brackish,sterile,2,1,NA
benzene,brackish,sterile,3,1,NA
benzene,brackish,treatment,1,1,31
benzene,brackish,treatment,2,1,24.7
benzene,brackish,treatment,3,1,15.1
benzene,fresh,sterile,1,1,NA
benzene,fresh,sterile,2,1,NA
benzene,fresh,sterile,3,1,NA
benzene,fresh,treatment,1,1,60.6
benzene,fresh,treatment,2,1,33.5
benzene,fresh,treatment,3,1,26.9
benzene,saline,sterile,1,1,NA
benzene,saline,sterile,2,1,NA
benzene,saline,sterile,3,1,NA
benzene,saline,treatment,1,1,15.8
benzene,saline,treatment,2,1,16.9
benzene,saline,treatment,3,1,15.1
hexane,brackish,sterile,1,1,NA
hexane,brackish,sterile,2,1,NA
hexane,brackish,sterile,3,1,NA
hexane,brackish,treatment,1,1,19.2
hexane,brackish,treatment,2,1,20.7
hexane,brackish,treatment,3,1,22.1
hexane,fresh,sterile,1,1,NA
hexane,fresh,sterile,2,1,NA
hexane,fresh,sterile,3,1,NA
hexane,fresh,treatment,1,1,30.8
hexane,fresh,treatment,2,1,30.6
hexane,fresh,treatment,3,1,17
hexane,saline,sterile,1,1,NA
hexane,saline,sterile,2,1,NA
hexane,saline,sterile,3,1,NA
hexane,saline,treatment,1,1,22.8
hexane,saline,treatment,2,1,15.7
hexane,saline,treatment,3,1,16.3
toluene,brackish,sterile,1,1,NA
toluene,brackish,sterile,2,1,NA
toluene,brackish,sterile,3,1,NA
toluene,brackish,treatment,1,1,26.2
toluene,brackish,treatment,2,1,26.9
toluene,brackish,treatment,3,1,22.8
toluene,fresh,sterile,1,1,NA
toluene,fresh,sterile,2,1,NA
toluene,fresh,sterile,3,1,NA
toluene,fresh,treatment,1,1,24.3
toluene,fresh,treatment,2,1,23.2
toluene,fresh,treatment,3,1,21.6
toluene,saline,sterile,1,1,NA
toluene,saline,sterile,2,1,NA
toluene,saline,sterile,3,1,NA
toluene,saline,treatment,1,1,17.5
toluene,saline,treatment,2,1,18.7
toluene,saline,treatment,3,1,25.7
unamended,brackish,media_only,1,1,NA
unamended,brackish,media_only,2,1,NA
unamended,brackish,media_only,3,1,NA
unamended,brackish,unamended,1,1,6.1
unamended,brackish,unamended,2,1,6.6
unamended,brackish,unamended,3,1,17.5
unamended,fresh,media_only,1,1,NA
unamended,fresh,media_only,2,1,NA
unamended,fresh,media_only,3,1,NA
unamended,fresh,unamended,1,1,6.6
unamended,fresh,unamended,2,1,NA
unamended,fresh,unamended,3,1,17.1
unamended,saline,media_only,1,1,NA
unamended,saline,media_only,2,1,NA
unamended,saline,media_only,3,1,NA
unamended,saline,unamended,1,1,12.9
unamended,saline,unamended,2,1,14.5
unamended,saline,unamended,3,1,12
benzene,brackish,sterile,1,10,NA
benzene,brackish,sterile,2,10,NA
benzene,brackish,sterile,3,10,NA
benzene,brackish,treatment,1,10,25.1
benzene,brackish,treatment,2,10,29.9
benzene,brackish,treatment,3,10,14.8
benzene,fresh,sterile,1,10,NA
benzene,fresh,sterile,2,10,NA
benzene,fresh,sterile,3,10,NA
benzene,fresh,treatment,1,10,51.1
benzene,fresh,treatment,2,10,24.4
benzene,fresh,treatment,3,10,18.8
benzene,saline,sterile,1,10,NA
benzene,saline,sterile,2,10,NA
benzene,saline,sterile,3,10,NA
benzene,saline,treatment,1,10,5.6
benzene,saline,treatment,2,10,6.9
benzene,saline,treatment,3,10,4.7
hexane,brackish,sterile,1,10,NA
hexane,brackish,sterile,2,10,NA
hexane,brackish,sterile,3,10,NA
hexane,brackish,treatment,1,10,12.1
hexane,brackish,treatment,2,10,13.5
hexane,brackish,treatment,3,10,15.1
hexane,fresh,sterile,1,10,NA
hexane,fresh,sterile,2,10,NA
hexane,fresh,sterile,3,10,NA
hexane,fresh,treatment,1,10,19.2
hexane,fresh,treatment,2,10,22.2
hexane,fresh,treatment,3,10,6.7
hexane,saline,sterile,1,10,NA
hexane,saline,sterile,2,10,NA
hexane,saline,sterile,3,10,NA
hexane,saline,treatment,1,10,14.3
hexane,saline,treatment,2,10,5.7
hexane,saline,treatment,3,10,5.8
toluene,brackish,sterile,1,10,NA
toluene,brackish,sterile,2,10,NA
toluene,brackish,sterile,3,10,NA
toluene,brackish,treatment,1,10,16.3
toluene,brackish,treatment,2,10,17.6
toluene,brackish,treatment,3,10,19
toluene,fresh,sterile,1,10,NA
toluene,fresh,sterile,2,10,NA
toluene,fresh,sterile,3,10,NA
toluene,fresh,treatment,1,10,13.4
toluene,fresh,treatment,2,10,13.5
toluene,fresh,treatment,3,10,13
toluene,saline,sterile,1,10,NA
toluene,saline,sterile,2,10,NA
toluene,saline,sterile,3,10,NA
toluene,saline,treatment,1,10,8.5
toluene,saline,treatment,2,10,8.2
toluene,saline,treatment,3,10,20.9
unamended,brackish,media_only,1,10,NA
unamended,brackish,media_only,2,10,NA
unamended,brackish,media_only,3,10,NA
unamended,brackish,unamended,1,10,7.8
unamended,brackish,unamended,2,10,6.6
unamended,brackish,unamended,3,10,9.5
unamended,fresh,media_only,1,10,NA
unamended,fresh,media_only,2,10,NA
unamended,fresh,media_only,3,10,NA
unamended,fresh,unamended,1,10,6.6
unamended,fresh,unamended,2,10,NA
unamended,fresh,unamended,3,10,7.5
unamended,saline,media_only,1,10,NA
unamended,saline,media_only,2,10,NA
unamended,saline,media_only,3,10,NA
unamended,saline,unamended,1,10,2.6
unamended,saline,unamended,2,10,4.7
unamended,saline,unamended,3,10,1.5
benzene,brackish,sterile,1,62,NA
benzene,brackish,sterile,2,62,NA
benzene,brackish,sterile,3,62,NA
benzene,brackish,treatment,1,62,25.1
benzene,brackish,treatment,2,62,35.1
benzene,brackish,treatment,3,62,11.5
benzene,fresh,sterile,1,62,NA
benzene,fresh,sterile,2,62,NA
benzene,fresh,sterile,3,62,NA
benzene,fresh,treatment,1,62,21.1
benzene,fresh,treatment,2,62,16.9
benzene,fresh,treatment,3,62,20.3
benzene,saline,sterile,1,62,NA
benzene,saline,sterile,2,62,NA
benzene,saline,sterile,3,62,NA
benzene,saline,treatment,1,62,0.4
benzene,saline,treatment,2,62,1.4
benzene,saline,treatment,3,62,-0.3
hexane,brackish,sterile,1,62,NA
hexane,brackish,sterile,2,62,NA
hexane,brackish,sterile,3,62,NA
hexane,brackish,treatment,1,62,7.8
hexane,brackish,treatment,2,62,7.5
hexane,brackish,treatment,3,62,11.6
hexane,fresh,sterile,1,62,NA
hexane,fresh,sterile,2,62,NA
hexane,fresh,sterile,3,62,NA
hexane,fresh,treatment,1,62,12.5
hexane,fresh,treatment,2,62,30.6
hexane,fresh,treatment,3,62,5.1
hexane,saline,sterile,1,62,NA
hexane,saline,sterile,2,62,NA
hexane,saline,sterile,3,62,NA
hexane,saline,treatment,1,62,7.8
hexane,saline,treatment,2,62,0
hexane,saline,treatment,3,62,2.4
toluene,brackish,sterile,1,62,NA
toluene,brackish,sterile,2,62,NA
toluene,brackish,sterile,3,62,NA
toluene,brackish,treatment,1,62,21.8
toluene,brackish,treatment,2,62,13.4
toluene,brackish,treatment,3,62,11.8
toluene,fresh,sterile,1,62,NA
toluene,fresh,sterile,2,62,NA
toluene,fresh,sterile,3,62,NA
toluene,fresh,treatment,1,62,16.7
toluene,fresh,treatment,2,62,14
toluene,fresh,treatment,3,62,7
toluene,saline,sterile,1,62,NA
toluene,saline,sterile,2,62,NA
toluene,saline,sterile,3,62,NA
toluene,saline,treatment,1,62,5.1
toluene,saline,treatment,2,62,3.5
toluene,saline,treatment,3,62,12.1
unamended,brackish,media_only,1,62,NA
unamended,brackish,media_only,2,62,NA
unamended,brackish,media_only,3,62,NA
unamended,brackish,unamended,1,62,5.4
unamended,brackish,unamended,2,62,6.6
unamended,brackish,unamended,3,62,4.7
unamended,fresh,media_only,1,62,NA
unamended,fresh,media_only,2,62,NA
unamended,fresh,media_only,3,62,NA
unamended,fresh,unamended,1,62,22.7
unamended,fresh,unamended,2,62,NA
unamended,fresh,unamended,3,62,6.3
unamended,saline,media_only,1,62,NA
unamended,saline,media_only,2,62,NA
unamended,saline,media_only,3,62,NA
unamended,saline,unamended,1,62,-1.7
unamended,saline,unamended,2,62,0.2
unamended,saline,unamended,3,62,-2.2
benzene,brackish,sterile,1,72,NA
benzene,brackish,sterile,2,72,NA
benzene,brackish,sterile,3,72,NA
benzene,brackish,treatment,1,72,39.3
benzene,brackish,treatment,2,72,44.6
benzene,brackish,treatment,3,72,9.2
benzene,fresh,sterile,1,72,NA
benzene,fresh,sterile,2,72,NA
benzene,fresh,sterile,3,72,NA
benzene,fresh,treatment,1,72,32.2
benzene,fresh,treatment,2,72,20.5
benzene,fresh,treatment,3,72,22.4
benzene,saline,sterile,1,72,NA
benzene,saline,sterile,2,72,NA
benzene,saline,sterile,3,72,NA
benzene,saline,treatment,1,72,-6.6
benzene,saline,treatment,2,72,-4.4
benzene,saline,treatment,3,72,-6.7
hexane,brackish,sterile,1,72,NA
hexane,brackish,sterile,2,72,NA
hexane,brackish,sterile,3,72,NA
hexane,brackish,treatment,1,72,7.6
hexane,brackish,treatment,2,72,7.8
hexane,brackish,treatment,3,72,14.5
hexane,fresh,sterile,1,72,NA
hexane,fresh,sterile,2,72,NA
hexane,fresh,sterile,3,72,NA
hexane,fresh,treatment,1,72,13.7
hexane,fresh,treatment,2,72,49.6
hexane,fresh,treatment,3,72,5.3
hexane,saline,sterile,1,72,NA
hexane,saline,sterile,2,72,NA
hexane,saline,sterile,3,72,NA
hexane,saline,treatment,1,72,8.4
hexane,saline,treatment,2,72,-5.7
hexane,saline,treatment,3,72,-1.6
toluene,brackish,sterile,1,72,NA
toluene,brackish,sterile,2,72,NA
toluene,brackish,sterile,3,72,NA
toluene,brackish,treatment,1,72,34.5
toluene,brackish,treatment,2,72,13.7
toluene,brackish,treatment,3,72,12.8
toluene,fresh,sterile,1,72,NA
toluene,fresh,sterile,2,72,NA
toluene,fresh,sterile,3,72,NA
toluene,fresh,treatment,1,72,17.1
toluene,fresh,treatment,2,72,18.5
toluene,fresh,treatment,3,72,4.2
toluene,saline,sterile,1,72,NA
toluene,saline,sterile,2,72,NA
toluene,saline,sterile,3,72,NA
toluene,saline,treatment,1,72,3.3
toluene,saline,treatment,2,72,0.4
toluene,saline,treatment,3,72,13.1
unamended,brackish,media_only,1,72,NA
unamended,brackish,media_only,2,72,NA
unamended,brackish,media_only,3,72,NA
unamended,brackish,unamended,1,72,3.5
unamended,brackish,unamended,2,72,3.6
unamended,brackish,unamended,3,72,4.4
unamended,fresh,media_only,1,72,NA
unamended,fresh,media_only,2,72,NA
unamended,fresh,media_only,3,72,NA
unamended,fresh,unamended,1,72,36.2
unamended,fresh,unamended,2,72,NA
unamended,fresh,unamended,3,72,5.6
unamended,saline,media_only,1,72,NA
unamended,saline,media_only,2,72,NA
unamended,saline,media_only,3,72,NA
unamended,saline,unamended,1,72,-9
unamended,saline,unamended,2,72,-5.8
unamended,saline,unamended,3,72,-9.6
benzene,brackish,sterile,1,86,NA
benzene,brackish,sterile,2,86,NA
benzene,brackish,sterile,3,86,NA
benzene,brackish,treatment,1,86,37
benzene,brackish,treatment,2,86,64.6
benzene,brackish,treatment,3,86,12.9
benzene,fresh,sterile,1,86,NA
benzene,fresh,sterile,2,86,NA
benzene,fresh,sterile,3,86,NA
benzene,fresh,treatment,1,86,43.4
benzene,fresh,treatment,2,86,17.6
benzene,fresh,treatment,3,86,24.4
benzene,saline,sterile,1,86,NA
benzene,saline,sterile,2,86,NA
benzene,saline,sterile,3,86,NA
benzene,saline,treatment,1,86,-1.5
benzene,saline,treatment,2,86,-0.5
benzene,saline,treatment,3,86,-2.6
hexane,brackish,sterile,1,86,NA
hexane,brackish,sterile,2,86,NA
hexane,brackish,sterile,3,86,NA
hexane,brackish,treatment,1,86,10.2
hexane,brackish,treatment,2,86,9.2
hexane,brackish,treatment,3,86,16.2
hexane,fresh,sterile,1,86,NA
hexane,fresh,sterile,2,86,NA
hexane,fresh,sterile,3,86,NA
hexane,fresh,treatment,1,86,12.2
hexane,fresh,treatment,2,86,50.7
hexane,fresh,treatment,3,86,5.5
hexane,saline,sterile,1,86,NA
hexane,saline,sterile,2,86,NA
hexane,saline,sterile,3,86,NA
hexane,saline,treatment,1,86,10
hexane,saline,treatment,2,86,-1.7
hexane,saline,treatment,3,86,1.1
toluene,brackish,sterile,1,86,NA
toluene,brackish,sterile,2,86,NA
toluene,brackish,sterile,3,86,NA
toluene,brackish,treatment,1,86,30.4
toluene,brackish,treatment,2,86,14.7
toluene,brackish,treatment,3,86,13.3
toluene,fresh,sterile,1,86,NA
toluene,fresh,sterile,2,86,NA
toluene,fresh,sterile,3,86,NA
toluene,fresh,treatment,1,86,17.5
toluene,fresh,treatment,2,86,16.8
toluene,fresh,treatment,3,86,5.9
toluene,saline,sterile,1,86,NA
toluene,saline,sterile,2,86,NA
toluene,saline,sterile,3,86,NA
toluene,saline,treatment,1,86,6.1
toluene,saline,treatment,2,86,0.4
toluene,saline,treatment,3,86,16.1
unamended,brackish,media_only,1,86,NA
unamended,brackish,media_only,2,86,NA
unamended,brackish,media_only,3,86,NA
unamended,brackish,unamended,1,86,4.4
unamended,brackish,unamended,2,86,6.2
unamended,brackish,unamended,3,86,4
unamended,fresh,media_only,1,86,NA
unamended,fresh,media_only,2,86,NA
unamended,fresh,media_only,3,86,NA
unamended,fresh,unamended,1,86,30.3
unamended,fresh,unamended,2,86,NA
unamended,fresh,unamended,3,86,8.1
unamended,saline,media_only,1,86,NA
unamended,saline,media_only,2,86,NA
unamended,saline,media_only,3,86,NA
unamended,saline,unamended,1,86,-4.2
unamended,saline,unamended,2,86,-1.2
unamended,saline,unamended,3,86,-4.5
benzene,brackish,sterile,1,102,NA
benzene,brackish,sterile,2,102,NA
benzene,brackish,sterile,3,102,NA
benzene,brackish,treatment,1,102,35.9
benzene,brackish,treatment,2,102,56.6
benzene,brackish,treatment,3,102,13.3
benzene,fresh,sterile,1,102,NA
benzene,fresh,sterile,2,102,NA
benzene,fresh,sterile,3,102,NA
benzene,fresh,treatment,1,102,43.7
benzene,fresh,treatment,2,102,14.9
benzene,fresh,treatment,3,102,24.6
benzene,saline,sterile,1,102,NA
benzene,saline,sterile,2,102,NA
benzene,saline,sterile,3,102,NA
benzene,saline,treatment,1,102,-6.3
benzene,saline,treatment,2,102,-5.5
benzene,saline,treatment,3,102,-6.9
hexane,brackish,sterile,1,102,NA
hexane,brackish,sterile,2,102,NA
hexane,brackish,sterile,3,102,NA
hexane,brackish,treatment,1,102,14.3
hexane,brackish,treatment,2,102,9.5
hexane,brackish,treatment,3,102,21.3
hexane,fresh,sterile,1,102,NA
hexane,fresh,sterile,2,102,NA
hexane,fresh,sterile,3,102,NA
hexane,fresh,treatment,1,102,8.9
hexane,fresh,treatment,2,102,51.9
hexane,fresh,treatment,3,102,1
hexane,saline,sterile,1,102,NA
hexane,saline,sterile,2,102,NA
hexane,saline,sterile,3,102,NA
hexane,saline,treatment,1,102,9.9
hexane,saline,treatment,2,102,-6.6
hexane,saline,treatment,3,102,-0.8
toluene,brackish,sterile,1,102,NA
toluene,brackish,sterile,2,102,NA
toluene,brackish,sterile,3,102,NA
toluene,brackish,treatment,1,102,29
toluene,brackish,treatment,2,102,10.9
toluene,brackish,treatment,3,102,9
toluene,fresh,sterile,1,102,NA
toluene,fresh,sterile,2,102,NA
toluene,fresh,sterile,3,102,NA
toluene,fresh,treatment,1,102,16.8
toluene,fresh,treatment,2,102,15
toluene,fresh,treatment,3,102,1.6
toluene,saline,sterile,1,102,NA
toluene,saline,sterile,2,102,NA
toluene,saline,sterile,3,102,NA
toluene,saline,treatment,1,102,3.8
toluene,saline,treatment,2,102,0.5
toluene,saline,treatment,3,102,12.3
unamended,brackish,media_only,1,102,NA
unamended,brackish,media_only,2,102,NA
unamended,brackish,media_only,3,102,NA
unamended,brackish,unamended,1,102,2.4
unamended,brackish,unamended,2,102,3.2
unamended,brackish,unamended,3,102,4
unamended,fresh,media_only,1,102,NA
unamended,fresh,media_only,2,102,NA
unamended,fresh,media_only,3,102,NA
unamended,fresh,unamended,1,102,36.7
unamended,fresh,unamended,2,102,NA
unamended,fresh,unamended,3,102,12.4
unamended,saline,media_only,1,102,NA
unamended,saline,media_only,2,102,NA
unamended,saline,media_only,3,102,NA
unamended,saline,unamended,1,102,-9.2
unamended,saline,unamended,2,102,-5.3
unamended,saline,unamended,3,102,-8.6
benzene,brackish,sterile,1,116,NA
benzene,brackish,sterile,2,116,NA
benzene,brackish,sterile,3,116,NA
benzene,brackish,treatment,1,116,46.9
benzene,brackish,treatment,2,116,61.7
benzene,brackish,treatment,3,116,25.6
benzene,fresh,sterile,1,116,NA
benzene,fresh,sterile,2,116,NA
benzene,fresh,sterile,3,116,NA
benzene,fresh,treatment,1,116,41.9
benzene,fresh,treatment,2,116,14.6
benzene,fresh,treatment,3,116,25.9
benzene,saline,sterile,1,116,NA
benzene,saline,sterile,2,116,NA
benzene,saline,sterile,3,116,NA
benzene,saline,treatment,1,116,-5.3
benzene,saline,treatment,2,116,-4.2
benzene,saline,treatment,3,116,-5.3
hexane,brackish,sterile,1,116,NA
hexane,brackish,sterile,2,116,NA
hexane,brackish,sterile,3,116,NA
hexane,brackish,treatment,1,116,18.4
hexane,brackish,treatment,2,116,20.1
hexane,brackish,treatment,3,116,33.5
hexane,fresh,sterile,1,116,NA
hexane,fresh,sterile,2,116,NA
hexane,fresh,sterile,3,116,NA
hexane,fresh,treatment,1,116,9.8
hexane,fresh,treatment,2,116,54.1
hexane,fresh,treatment,3,116,2.7
hexane,saline,sterile,1,116,NA
hexane,saline,sterile,2,116,NA
hexane,saline,sterile,3,116,NA
hexane,saline,treatment,1,116,9.8
hexane,saline,treatment,2,116,-5.3
hexane,saline,treatment,3,116,0.7
toluene,brackish,sterile,1,116,NA
toluene,brackish,sterile,2,116,NA
toluene,brackish,sterile,3,116,NA
toluene,brackish,treatment,1,116,30.8
toluene,brackish,treatment,2,116,12.5
toluene,brackish,treatment,3,116,9.2
toluene,fresh,sterile,1,116,NA
toluene,fresh,sterile,2,116,NA
toluene,fresh,sterile,3,116,NA
toluene,fresh,treatment,1,116,19.4
toluene,fresh,treatment,2,116,16.7
toluene,fresh,treatment,3,116,2.9
toluene,saline,sterile,1,116,NA
toluene,saline,sterile,2,116,NA
toluene,saline,sterile,3,116,NA
toluene,saline,treatment,1,116,4.8
toluene,saline,treatment,2,116,2.6
toluene,saline,treatment,3,116,13.4
unamended,brackish,media_only,1,116,NA
unamended,brackish,media_only,2,116,NA
unamended,brackish,media_only,3,116,NA
unamended,brackish,unamended,1,116,NA
unamended,brackish,unamended,2,116,7.6
unamended,brackish,unamended,3,116,4
unamended,fresh,media_only,1,116,NA
unamended,fresh,media_only,2,116,NA
unamended,fresh,media_only,3,116,NA
unamended,fresh,unamended,1,116,34.9
unamended,fresh,unamended,2,116,NA
unamended,fresh,unamended,3,116,25.6
unamended,saline,media_only,1,116,NA
unamended,saline,media_only,2,116,NA
unamended,saline,media_only,3,116,NA
unamended,saline,unamended,1,116,-7.7
unamended,saline,unamended,2,116,-3.4
unamended,saline,unamended,3,116,-6.8
benzene,brackish,sterile,1,137,NA
benzene,brackish,sterile,2,137,NA
benzene,brackish,sterile,3,137,NA
benzene,brackish,treatment,1,137,59.1
benzene,brackish,treatment,2,137,71.6
benzene,brackish,treatment,3,137,37.9
benzene,fresh,sterile,1,137,NA
benzene,fresh,sterile,2,137,NA
benzene,fresh,sterile,3,137,NA
benzene,fresh,treatment,1,137,41.7
benzene,fresh,treatment,2,137,15.4
benzene,fresh,treatment,3,137,27.3
benzene,saline,sterile,1,137,NA
benzene,saline,sterile,2,137,NA
benzene,saline,sterile,3,137,NA
benzene,saline,treatment,1,137,-4.6
benzene,saline,treatment,2,137,-3.6
benzene,saline,treatment,3,137,-3.9
hexane,brackish,sterile,1,137,NA
hexane,brackish,sterile,2,137,NA
hexane,brackish,sterile,3,137,NA
hexane,brackish,treatment,1,137,39.1
hexane,brackish,treatment,2,137,58.7
hexane,brackish,treatment,3,137,57.8
hexane,fresh,sterile,1,137,NA
hexane,fresh,sterile,2,137,NA
hexane,fresh,sterile,3,137,NA
hexane,fresh,treatment,1,137,9.6
hexane,fresh,treatment,2,137,66.3
hexane,fresh,treatment,3,137,3
hexane,saline,sterile,1,137,NA
hexane,saline,sterile,2,137,NA
hexane,saline,sterile,3,137,NA
hexane,saline,treatment,1,137,14
hexane,saline,treatment,2,137,-4.6
hexane,saline,treatment,3,137,4
toluene,brackish,sterile,1,137,NA
toluene,brackish,sterile,2,137,NA
toluene,brackish,sterile,3,137,NA
toluene,brackish,treatment,1,137,42.2
toluene,brackish,treatment,2,137,24.3
toluene,brackish,treatment,3,137,8.6
toluene,fresh,sterile,1,137,NA
toluene,fresh,sterile,2,137,NA
toluene,fresh,sterile,3,137,NA
toluene,fresh,treatment,1,137,23.1
toluene,fresh,treatment,2,137,20.5
toluene,fresh,treatment,3,137,3.8
toluene,saline,sterile,1,137,NA
toluene,saline,sterile,2,137,NA
toluene,saline,sterile,3,137,NA
toluene,saline,treatment,1,137,16.4
toluene,saline,treatment,2,137,8.9
toluene,saline,treatment,3,137,17
unamended,brackish,media_only,1,137,NA
unamended,brackish,media_only,2,137,NA
unamended,brackish,media_only,3,137,NA
unamended,brackish,unamended,1,137,5.7
unamended,brackish,unamended,2,137,12.3
unamended,brackish,unamended,3,137,6.3
unamended,fresh,media_only,1,137,NA
unamended,fresh,media_only,2,137,NA
unamended,fresh,media_only,3,137,NA
unamended,fresh,unamended,1,137,43
unamended,fresh,unamended,2,137,NA
unamended,fresh,unamended,3,137,33.8
unamended,saline,media_only,1,137,NA
unamended,saline,media_only,2,137,NA
unamended,saline,media_only,3,137,NA
unamended,saline,unamended,1,137,-7.4
unamended,saline,unamended,2,137,0.5
unamended,saline,unamended,3,137,-4.1
benzene,brackish,sterile,1,151,NA
benzene,brackish,sterile,2,151,NA
benzene,brackish,sterile,3,151,NA
benzene,brackish,treatment,1,151,44.1
benzene,brackish,treatment,2,151,72.6
benzene,brackish,treatment,3,151,44.8
benzene,fresh,sterile,1,151,NA
benzene,fresh,sterile,2,151,NA
benzene,fresh,sterile,3,151,NA
benzene,fresh,treatment,1,151,39.1
benzene,fresh,treatment,2,151,13.9
benzene,fresh,treatment,3,151,30
benzene,saline,sterile,1,151,NA
benzene,saline,sterile,2,151,NA
benzene,saline,sterile,3,151,NA
benzene,saline,treatment,1,151,-6.8
benzene,saline,treatment,2,151,-6.8
benzene,saline,treatment,3,151,-5.9
hexane,brackish,sterile,1,151,NA
hexane,brackish,sterile,2,151,NA
hexane,brackish,sterile,3,151,NA
hexane,brackish,treatment,1,151,45.1
hexane,brackish,treatment,2,151,63.6
hexane,brackish,treatment,3,151,62.4
hexane,fresh,sterile,1,151,NA
hexane,fresh,sterile,2,151,NA
hexane,fresh,sterile,3,151,NA
hexane,fresh,treatment,1,151,8.1
hexane,fresh,treatment,2,151,65.3
hexane,fresh,treatment,3,151,3.3
hexane,saline,sterile,1,151,NA
hexane,saline,sterile,2,151,NA
hexane,saline,sterile,3,151,NA
hexane,saline,treatment,1,151,12.4
hexane,saline,treatment,2,151,-6.3
hexane,saline,treatment,3,151,4.6
toluene,brackish,sterile,1,151,NA
toluene,brackish,sterile,2,151,NA
toluene,brackish,sterile,3,151,NA
toluene,brackish,treatment,1,151,46.5
toluene,brackish,treatment,2,151,31.8
toluene,brackish,treatment,3,151,8.7
toluene,fresh,sterile,1,151,NA
toluene,fresh,sterile,2,151,NA
toluene,fresh,sterile,3,151,NA
toluene,fresh,treatment,1,151,24.4
toluene,fresh,treatment,2,151,20.9
toluene,fresh,treatment,3,151,1.5
toluene,saline,sterile,1,151,NA
toluene,saline,sterile,2,151,NA
toluene,saline,sterile,3,151,NA
toluene,saline,treatment,1,151,16.4
toluene,saline,treatment,2,151,7.9
toluene,saline,treatment,3,151,16.2
unamended,brackish,media_only,1,151,NA
unamended,brackish,media_only,2,151,NA
unamended,brackish,media_only,3,151,NA
unamended,brackish,unamended,1,151,4.1
unamended,brackish,unamended,2,151,12.1
unamended,brackish,unamended,3,151,4.2
unamended,fresh,media_only,1,151,NA
unamended,fresh,media_only,2,151,NA
unamended,fresh,media_only,3,151,NA
unamended,fresh,unamended,1,151,41.2
unamended,fresh,unamended,2,151,NA
unamended,fresh,unamended,3,151,41.9
unamended,saline,media_only,1,151,NA
unamended,saline,media_only,2,151,NA
unamended,saline,media_only,3,151,NA
unamended,saline,unamended,1,151,-9.2
unamended,saline,unamended,2,151,1.3
unamended,saline,unamended,3,151,-6
benzene,brackish,sterile,1,165,NA
benzene,brackish,sterile,2,165,NA
benzene,brackish,sterile,3,165,NA
benzene,brackish,treatment,1,165,70
benzene,brackish,treatment,2,165,82.2
benzene,brackish,treatment,3,165,53.8
benzene,fresh,sterile,1,165,NA
benzene,fresh,sterile,2,165,NA
benzene,fresh,sterile,3,165,NA
benzene,fresh,treatment,1,165,0.1
benzene,fresh,treatment,2,165,14.7
benzene,fresh,treatment,3,165,33.2
benzene,saline,sterile,1,165,NA
benzene,saline,sterile,2,165,NA
benzene,saline,sterile,3,165,NA
benzene,saline,treatment,1,165,-6.8
benzene,saline,treatment,2,165,-5.9
benzene,saline,treatment,3,165,-5
hexane,brackish,sterile,1,165,NA
hexane,brackish,sterile,2,165,NA
hexane,brackish,sterile,3,165,NA
hexane,brackish,treatment,1,165,58.1
hexane,brackish,treatment,2,165,73.2
hexane,brackish,treatment,3,165,80.1
hexane,fresh,sterile,1,165,NA
hexane,fresh,sterile,2,165,NA
hexane,fresh,sterile,3,165,NA
hexane,fresh,treatment,1,165,8.4
hexane,fresh,treatment,2,165,78.1
hexane,fresh,treatment,3,165,3.4
hexane,saline,sterile,1,165,NA
hexane,saline,sterile,2,165,NA
hexane,saline,sterile,3,165,NA
hexane,saline,treatment,1,165,14.3
hexane,saline,treatment,2,165,-6.3
hexane,saline,treatment,3,165,5.2
toluene,brackish,sterile,1,165,NA
toluene,brackish,sterile,2,165,NA
toluene,brackish,sterile,3,165,NA
toluene,brackish,treatment,1,165,53.8
toluene,brackish,treatment,2,165,54.8
toluene,brackish,treatment,3,165,8.8
toluene,fresh,sterile,1,165,NA
toluene,fresh,sterile,2,165,NA
toluene,fresh,sterile,3,165,NA
toluene,fresh,treatment,1,165,25.8
toluene,fresh,treatment,2,165,21.4
toluene,fresh,treatment,3,165,2.6
toluene,saline,sterile,1,165,NA
toluene,saline,sterile,2,165,NA
toluene,saline,sterile,3,165,NA
toluene,saline,treatment,1,165,20.5
toluene,saline,treatment,2,165,13.7
toluene,saline,treatment,3,165,19.4
unamended,brackish,media_only,1,165,NA
unamended,brackish,media_only,2,165,NA
unamended,brackish,media_only,3,165,NA
unamended,brackish,unamended,1,165,5.4
unamended,brackish,unamended,2,165,16.2
unamended,brackish,unamended,3,165,6.1
unamended,fresh,media_only,1,165,NA
unamended,fresh,media_only,2,165,NA
unamended,fresh,media_only,3,165,NA
unamended,fresh,unamended,1,165,48.3
unamended,fresh,unamended,2,165,NA
unamended,fresh,unamended,3,165,50.3
unamended,saline,media_only,1,165,NA
unamended,saline,media_only,2,165,NA
unamended,saline,media_only,3,165,NA
unamended,saline,unamended,1,165,-9.6
unamended,saline,unamended,2,165,5.1
unamended,saline,unamended,3,165,-2.5
benzene,brackish,sterile,1,207,NA
benzene,brackish,sterile,2,207,NA
benzene,brackish,sterile,3,207,NA
benzene,brackish,treatment,1,207,79
benzene,brackish,treatment,2,207,91.9
benzene,brackish,treatment,3,207,73.2
benzene,fresh,sterile,1,207,NA
benzene,fresh,sterile,2,207,NA
benzene,fresh,sterile,3,207,NA
benzene,fresh,treatment,1,207,NA
benzene,fresh,treatment,2,207,16.1
benzene,fresh,treatment,3,207,44.6
benzene,saline,sterile,1,207,NA
benzene,saline,sterile,2,207,NA
benzene,saline,sterile,3,207,NA
benzene,saline,treatment,1,207,-4.5
benzene,saline,treatment,2,207,-3.5
benzene,saline,treatment,3,207,-2.6
hexane,brackish,sterile,1,207,NA
hexane,brackish,sterile,2,207,NA
hexane,brackish,sterile,3,207,NA
hexane,brackish,treatment,1,207,73.1
hexane,brackish,treatment,2,207,92.2
hexane,brackish,treatment,3,207,92.9
hexane,fresh,sterile,1,207,NA
hexane,fresh,sterile,2,207,NA
hexane,fresh,sterile,3,207,NA
hexane,fresh,treatment,1,207,10.2
hexane,fresh,treatment,2,207,80
hexane,fresh,treatment,3,207,7.3
hexane,saline,sterile,1,207,NA
hexane,saline,sterile,2,207,NA
hexane,saline,sterile,3,207,NA
hexane,saline,treatment,1,207,20.8
hexane,saline,treatment,2,207,-2.7
hexane,saline,treatment,3,207,12.9
toluene,brackish,sterile,1,207,NA
toluene,brackish,sterile,2,207,NA
toluene,brackish,sterile,3,207,NA
toluene,brackish,treatment,1,207,89.1
toluene,brackish,treatment,2,207,97
toluene,brackish,treatment,3,207,11
toluene,fresh,sterile,1,207,NA
toluene,fresh,sterile,2,207,NA
toluene,fresh,sterile,3,207,NA
toluene,fresh,treatment,1,207,32.4
toluene,fresh,treatment,2,207,28.9
toluene,fresh,treatment,3,207,3.4
toluene,saline,sterile,1,207,NA
toluene,saline,sterile,2,207,NA
toluene,saline,sterile,3,207,NA
toluene,saline,treatment,1,207,28
toluene,saline,treatment,2,207,20
toluene,saline,treatment,3,207,28.7
unamended,brackish,media_only,1,207,NA
unamended,brackish,media_only,2,207,NA
unamended,brackish,media_only,3,207,NA
unamended,brackish,unamended,1,207,10.5
unamended,brackish,unamended,2,207,28.5
unamended,brackish,unamended,3,207,7.1
unamended,fresh,media_only,1,207,NA
unamended,fresh,media_only,2,207,NA
unamended,fresh,media_only,3,207,NA
unamended,fresh,unamended,1,207,56.1
unamended,fresh,unamended,2,207,NA
unamended,fresh,unamended,3,207,62.6
unamended,saline,media_only,1,207,NA
unamended,saline,media_only,2,207,NA
unamended,saline,media_only,3,207,NA
unamended,saline,unamended,1,207,-7.2
unamended,saline,unamended,2,207,10.9
unamended,saline,unamended,3,207,1.3
benzene,brackish,sterile,1,242,NA
benzene,brackish,sterile,2,242,NA
benzene,brackish,sterile,3,242,NA
benzene,brackish,treatment,1,242,91.8
benzene,brackish,treatment,2,242,98.3
benzene,brackish,treatment,3,242,86.4
benzene,fresh,sterile,1,242,NA
benzene,fresh,sterile,2,242,NA
benzene,fresh,sterile,3,242,NA
benzene,fresh,treatment,1,242,NA
benzene,fresh,treatment,2,242,17.3
benzene,fresh,treatment,3,242,48.7
benzene,saline,sterile,1,242,NA
benzene,saline,sterile,2,242,NA
benzene,saline,sterile,3,242,NA
benzene,saline,treatment,1,242,-2
benzene,saline,treatment,2,242,0
benzene,saline,treatment,3,242,1.1
hexane,brackish,sterile,1,242,NA
hexane,brackish,sterile,2,242,NA
hexane,brackish,sterile,3,242,NA
hexane,brackish,treatment,1,242,83.3
hexane,brackish,treatment,2,242,99
hexane,brackish,treatment,3,242,106.1
hexane,fresh,sterile,1,242,NA
hexane,fresh,sterile,2,242,NA
hexane,fresh,sterile,3,242,NA
hexane,fresh,treatment,1,242,12.9
hexane,fresh,treatment,2,242,89.6
hexane,fresh,treatment,3,242,8.9
hexane,saline,sterile,1,242,NA
hexane,saline,sterile,2,242,NA
hexane,saline,sterile,3,242,NA
hexane,saline,treatment,1,242,29.1
hexane,saline,treatment,2,242,-1.3
hexane,saline,treatment,3,242,14.1
toluene,brackish,sterile,1,242,NA
toluene,brackish,sterile,2,242,NA
toluene,brackish,sterile,3,242,NA
toluene,brackish,treatment,1,242,92.3
toluene,brackish,treatment,2,242,103.2
toluene,brackish,treatment,3,242,3.5
toluene,fresh,sterile,1,242,NA
toluene,fresh,sterile,2,242,NA
toluene,fresh,sterile,3,242,NA
toluene,fresh,treatment,1,242,38.7
toluene,fresh,treatment,2,242,35
toluene,fresh,treatment,3,242,7.3
toluene,saline,sterile,1,242,NA
toluene,saline,sterile,2,242,NA
toluene,saline,sterile,3,242,NA
toluene,saline,treatment,1,242,34.7
toluene,saline,treatment,2,242,31.9
toluene,saline,treatment,3,242,36.2
unamended,brackish,media_only,1,242,NA
unamended,brackish,media_only,2,242,NA
unamended,brackish,media_only,3,242,NA
unamended,brackish,unamended,1,242,13.5
unamended,brackish,unamended,2,242,33.4
unamended,brackish,unamended,3,242,11.3
unamended,fresh,media_only,1,242,NA
unamended,fresh,media_only,2,242,NA
unamended,fresh,media_only,3,242,NA
unamended,fresh,unamended,1,242,58.6
unamended,fresh,unamended,2,242,NA
unamended,fresh,unamended,3,242,81.4
unamended,saline,media_only,1,242,NA
unamended,saline,media_only,2,242,NA
unamended,saline,media_only,3,242,NA
unamended,saline,unamended,1,242,-3.2
unamended,saline,unamended,2,242,16.7
unamended,saline,unamended,3,242,8.2
benzene,brackish,sterile,1,272,NA
benzene,brackish,sterile,2,272,NA
benzene,brackish,sterile,3,272,NA
benzene,brackish,treatment,1,272,90.2
benzene,brackish,treatment,2,272,97.5
benzene,brackish,treatment,3,272,90.8
benzene,fresh,sterile,1,272,NA
benzene,fresh,sterile,2,272,NA
benzene,fresh,sterile,3,272,NA
benzene,fresh,treatment,1,272,NA
benzene,fresh,treatment,2,272,22.1
benzene,fresh,treatment,3,272,55.9
benzene,saline,sterile,1,272,NA
benzene,saline,sterile,2,272,NA
benzene,saline,sterile,3,272,NA
benzene,saline,treatment,1,272,4.9
benzene,saline,treatment,2,272,6.1
benzene,saline,treatment,3,272,6.4
hexane,brackish,sterile,1,272,NA
hexane,brackish,sterile,2,272,NA
hexane,brackish,sterile,3,272,NA
hexane,brackish,treatment,1,272,93.6
hexane,brackish,treatment,2,272,105.9
hexane,brackish,treatment,3,272,119.3
hexane,fresh,sterile,1,272,NA
hexane,fresh,sterile,2,272,NA
hexane,fresh,sterile,3,272,NA
hexane,fresh,treatment,1,272,18
hexane,fresh,treatment,2,272,96.6
hexane,fresh,treatment,3,272,16.8
hexane,saline,sterile,1,272,NA
hexane,saline,sterile,2,272,NA
hexane,saline,sterile,3,272,NA
hexane,saline,treatment,1,272,33.5
hexane,saline,treatment,2,272,7.6
hexane,saline,treatment,3,272,27.6
toluene,brackish,sterile,1,272,NA
toluene,brackish,sterile,2,272,NA
toluene,brackish,sterile,3,272,NA
toluene,brackish,treatment,1,272,104.3
toluene,brackish,treatment,2,272,108.4
toluene,brackish,treatment,3,272,19.6
toluene,fresh,sterile,1,272,NA
toluene,fresh,sterile,2,272,NA
toluene,fresh,sterile,3,272,NA
toluene,fresh,treatment,1,272,43.4
toluene,fresh,treatment,2,272,41.3
toluene,fresh,treatment,3,272,12.4
toluene,saline,sterile,1,272,NA
toluene,saline,sterile,2,272,NA
toluene,saline,sterile,3,272,NA
toluene,saline,treatment,1,272,40.3
toluene,saline,treatment,2,272,37
toluene,saline,treatment,3,272,43.1
unamended,brackish,media_only,1,272,NA
unamended,brackish,media_only,2,272,NA
unamended,brackish,media_only,3,272,NA
unamended,brackish,unamended,1,272,19.4
unamended,brackish,unamended,2,272,40.9
unamended,brackish,unamended,3,272,15.6
unamended,fresh,media_only,1,272,NA
unamended,fresh,media_only,2,272,NA
unamended,fresh,media_only,3,272,NA
unamended,fresh,unamended,1,272,61.2
unamended,fresh,unamended,2,272,NA
unamended,fresh,unamended,3,272,92
unamended,saline,media_only,1,272,NA
unamended,saline,media_only,2,272,NA
unamended,saline,media_only,3,272,NA
unamended,saline,unamended,1,272,3.1
unamended,saline,unamended,2,272,23.6
unamended,saline,unamended,3,272,17.2
benzene,brackish,sterile,1,312,NA
benzene,brackish,sterile,2,312,NA
benzene,brackish,sterile,3,312,NA
benzene,brackish,treatment,1,312,105.9
benzene,brackish,treatment,2,312,108.8
benzene,brackish,treatment,3,312,102.8
benzene,fresh,sterile,1,312,NA
benzene,fresh,sterile,2,312,NA
benzene,fresh,sterile,3,312,NA
benzene,fresh,treatment,1,312,NA
benzene,fresh,treatment,2,312,23.2
benzene,fresh,treatment,3,312,67.1
benzene,saline,sterile,1,312,NA
benzene,saline,sterile,2,312,NA
benzene,saline,sterile,3,312,NA
benzene,saline,treatment,1,312,7.5
benzene,saline,treatment,2,312,9.1
benzene,saline,treatment,3,312,9.7
hexane,brackish,sterile,1,312,NA
hexane,brackish,sterile,2,312,NA
hexane,brackish,sterile,3,312,NA
hexane,brackish,treatment,1,312,107.6
hexane,brackish,treatment,2,312,127.3
hexane,brackish,treatment,3,312,117.8
hexane,fresh,sterile,1,312,NA
hexane,fresh,sterile,2,312,NA
hexane,fresh,sterile,3,312,NA
hexane,fresh,treatment,1,312,18.6
hexane,fresh,treatment,2,312,102.5
hexane,fresh,treatment,3,312,19
hexane,saline,sterile,1,312,NA
hexane,saline,sterile,2,312,NA
hexane,saline,sterile,3,312,NA
hexane,saline,treatment,1,312,40.4
hexane,saline,treatment,2,312,10.4
hexane,saline,treatment,3,312,36.3
toluene,brackish,sterile,1,312,NA
toluene,brackish,sterile,2,312,NA
toluene,brackish,sterile,3,312,NA
toluene,brackish,treatment,1,312,114.5
toluene,brackish,treatment,2,312,123.3
toluene,brackish,treatment,3,312,24.6
toluene,fresh,sterile,1,312,NA
toluene,fresh,sterile,2,312,NA
toluene,fresh,sterile,3,312,NA
toluene,fresh,treatment,1,312,50.4
toluene,fresh,treatment,2,312,45
toluene,fresh,treatment,3,312,14.3
toluene,saline,sterile,1,312,NA
toluene,saline,sterile,2,312,NA
toluene,saline,sterile,3,312,NA
toluene,saline,treatment,1,312,49.3
toluene,saline,treatment,2,312,52.3
toluene,saline,treatment,3,312,51.3
unamended,brackish,media_only,1,312,NA
unamended,brackish,media_only,2,312,NA
unamended,brackish,media_only,3,312,NA
unamended,brackish,unamended,1,312,22.8
unamended,brackish,unamended,2,312,45.1
unamended,brackish,unamended,3,312,20
unamended,fresh,media_only,1,312,NA
unamended,fresh,media_only,2,312,NA
unamended,fresh,media_only,3,312,NA
unamended,fresh,unamended,1,312,67.8
unamended,fresh,unamended,2,312,NA
unamended,fresh,unamended,3,312,103.6
unamended,saline,media_only,1,312,NA
unamended,saline,media_only,2,312,NA
unamended,saline,media_only,3,312,NA
unamended,saline,unamended,1,312,6.2
unamended,saline,unamended,2,312,33.7
unamended,saline,unamended,3,312,23.1
benzene,brackish,sterile,1,358,NA
benzene,brackish,sterile,2,358,NA
benzene,brackish,sterile,3,358,NA
benzene,brackish,treatment,1,358,108.9
benzene,brackish,treatment,2,358,112.4
benzene,brackish,treatment,3,358,103.4
benzene,fresh,sterile,1,358,NA
benzene,fresh,sterile,2,358,NA
benzene,fresh,sterile,3,358,NA
benzene,fresh,treatment,1,358,NA
benzene,fresh,treatment,2,358,23.2
benzene,fresh,treatment,3,358,61.8
benzene,saline,sterile,1,358,NA
benzene,saline,sterile,2,358,NA
benzene,saline,sterile,3,358,NA
benzene,saline,treatment,1,358,6.5
benzene,saline,treatment,2,358,10.1
benzene,saline,treatment,3,358,9.2
hexane,brackish,sterile,1,358,NA
hexane,brackish,sterile,2,358,NA
hexane,brackish,sterile,3,358,NA
hexane,brackish,treatment,1,358,112.6
hexane,brackish,treatment,2,358,128.9
hexane,brackish,treatment,3,358,140
hexane,fresh,sterile,1,358,NA
hexane,fresh,sterile,2,358,NA
hexane,fresh,sterile,3,358,NA
hexane,fresh,treatment,1,358,18.9
hexane,fresh,treatment,2,358,110
hexane,fresh,treatment,3,358,18.6
hexane,saline,sterile,1,358,NA
hexane,saline,sterile,2,358,NA
hexane,saline,sterile,3,358,NA
hexane,saline,treatment,1,358,39.7
hexane,saline,treatment,2,358,9.9
hexane,saline,treatment,3,358,40
toluene,brackish,sterile,1,358,NA
toluene,brackish,sterile,2,358,NA
toluene,brackish,sterile,3,358,NA
toluene,brackish,treatment,1,358,130.7
toluene,brackish,treatment,2,358,132.9
toluene,brackish,treatment,3,358,25.2
toluene,fresh,sterile,1,358,NA
toluene,fresh,sterile,2,358,NA
toluene,fresh,sterile,3,358,NA
toluene,fresh,treatment,1,358,50.1
toluene,fresh,treatment,2,358,51.6
toluene,fresh,treatment,3,358,13.3
toluene,saline,sterile,1,358,NA
toluene,saline,sterile,2,358,NA
toluene,saline,sterile,3,358,NA
toluene,saline,treatment,1,358,56.9
toluene,saline,treatment,2,358,52.4
toluene,saline,treatment,3,358,51.7
unamended,brackish,media_only,1,358,NA
unamended,brackish,media_only,2,358,NA
unamended,brackish,media_only,3,358,NA
unamended,brackish,unamended,1,358,24.5
unamended,brackish,unamended,2,358,46.4
unamended,brackish,unamended,3,358,24.4
unamended,fresh,media_only,1,358,NA
unamended,fresh,media_only,2,358,NA
unamended,fresh,media_only,3,358,NA
unamended,fresh,unamended,1,358,63.8
unamended,fresh,unamended,2,358,NA
unamended,fresh,unamended,3,358,116.9
unamended,saline,media_only,1,358,NA
unamended,saline,media_only,2,358,NA
unamended,saline,media_only,3,358,NA
unamended,saline,unamended,1,358,5.7
unamended,saline,unamended,2,358,35
unamended,saline,unamended,3,358,22.9
benzene,brackish,sterile,1,387,NA
benzene,brackish,sterile,2,387,NA
benzene,brackish,sterile,3,387,NA
benzene,brackish,treatment,1,387,117.2
benzene,brackish,treatment,2,387,123.9
benzene,brackish,treatment,3,387,116.2
benzene,fresh,sterile,1,387,NA
benzene,fresh,sterile,2,387,NA
benzene,fresh,sterile,3,387,NA
benzene,fresh,treatment,1,387,NA
benzene,fresh,treatment,2,387,22.7
benzene,fresh,treatment,3,387,72
benzene,saline,sterile,1,387,NA
benzene,saline,sterile,2,387,NA
benzene,saline,sterile,3,387,NA
benzene,saline,treatment,1,387,6
benzene,saline,treatment,2,387,10.5
benzene,saline,treatment,3,387,9.4
hexane,brackish,sterile,1,387,NA
hexane,brackish,sterile,2,387,NA
hexane,brackish,sterile,3,387,NA
hexane,brackish,treatment,1,387,125.3
hexane,brackish,treatment,2,387,140.7
hexane,brackish,treatment,3,387,148.6
hexane,fresh,sterile,1,387,NA
hexane,fresh,sterile,2,387,NA
hexane,fresh,sterile,3,387,NA
hexane,fresh,treatment,1,387,19.2
hexane,fresh,treatment,2,387,117.6
hexane,fresh,treatment,3,387,18.3
hexane,saline,sterile,1,387,NA
hexane,saline,sterile,2,387,NA
hexane,saline,sterile,3,387,NA
hexane,saline,treatment,1,387,43.2
hexane,saline,treatment,2,387,10
hexane,saline,treatment,3,387,44.4
toluene,brackish,sterile,1,387,NA
toluene,brackish,sterile,2,387,NA
toluene,brackish,sterile,3,387,NA
toluene,brackish,treatment,1,387,146.9
toluene,brackish,treatment,2,387,141.5
toluene,brackish,treatment,3,387,25.8
toluene,fresh,sterile,1,387,NA
toluene,fresh,sterile,2,387,NA
toluene,fresh,sterile,3,387,NA
toluene,fresh,treatment,1,387,54.3
toluene,fresh,treatment,2,387,54.9
toluene,fresh,treatment,3,387,13.2
toluene,saline,sterile,1,387,NA
toluene,saline,sterile,2,387,NA
toluene,saline,sterile,3,387,NA
toluene,saline,treatment,1,387,42.6
toluene,saline,treatment,2,387,59.8
toluene,saline,treatment,3,387,60.5
unamended,brackish,media_only,1,387,NA
unamended,brackish,media_only,2,387,NA
unamended,brackish,media_only,3,387,NA
unamended,brackish,unamended,1,387,22.8
unamended,brackish,unamended,2,387,47.6
unamended,brackish,unamended,3,387,27.2
unamended,fresh,media_only,1,387,NA
unamended,fresh,media_only,2,387,NA
unamended,fresh,media_only,3,387,NA
unamended,fresh,unamended,1,387,65.5
unamended,fresh,unamended,2,387,NA
unamended,fresh,unamended,3,387,130.2
unamended,saline,media_only,1,387,NA
unamended,saline,media_only,2,387,NA
unamended,saline,media_only,3,387,NA
unamended,saline,unamended,1,387,5
unamended,saline,unamended,2,387,35.1
unamended,saline,unamended,3,387,24
benzene,brackish,sterile,1,425,NA
benzene,brackish,sterile,2,425,NA
benzene,brackish,sterile,3,425,NA
benzene,brackish,treatment,1,425,131.6
benzene,brackish,treatment,2,425,134.2
benzene,brackish,treatment,3,425,124.9
benzene,fresh,sterile,1,425,NA
benzene,fresh,sterile,2,425,NA
benzene,fresh,sterile,3,425,NA
benzene,fresh,treatment,1,425,NA
benzene,fresh,treatment,2,425,23.1
benzene,fresh,treatment,3,425,79.1
benzene,saline,sterile,1,425,NA
benzene,saline,sterile,2,425,NA
benzene,saline,sterile,3,425,NA
benzene,saline,treatment,1,425,5.1
benzene,saline,treatment,2,425,11
benzene,saline,treatment,3,425,9.1
hexane,brackish,sterile,1,425,NA
hexane,brackish,sterile,2,425,NA
hexane,brackish,sterile,3,425,NA
hexane,brackish,treatment,1,425,137.8
hexane,brackish,treatment,2,425,156.3
hexane,brackish,treatment,3,425,164.2
hexane,fresh,sterile,1,425,NA
hexane,fresh,sterile,2,425,NA
hexane,fresh,sterile,3,425,NA
hexane,fresh,treatment,1,425,18.8
hexane,fresh,treatment,2,425,130.5
hexane,fresh,treatment,3,425,18.6
hexane,saline,sterile,1,425,NA
hexane,saline,sterile,2,425,NA
hexane,saline,sterile,3,425,NA
hexane,saline,treatment,1,425,45.9
hexane,saline,treatment,2,425,9.4
hexane,saline,treatment,3,425,47.6
toluene,brackish,sterile,1,425,NA
toluene,brackish,sterile,2,425,NA
toluene,brackish,sterile,3,425,NA
toluene,brackish,treatment,1,425,155.4
toluene,brackish,treatment,2,425,159.2
toluene,brackish,treatment,3,425,26.4
toluene,fresh,sterile,1,425,NA
toluene,fresh,sterile,2,425,NA
toluene,fresh,sterile,3,425,NA
toluene,fresh,treatment,1,425,59.8
toluene,fresh,treatment,2,425,61.4
toluene,fresh,treatment,3,425,13.2
toluene,saline,sterile,1,425,NA
toluene,saline,sterile,2,425,NA
toluene,saline,sterile,3,425,NA
toluene,saline,treatment,1,425,59.5
toluene,saline,treatment,2,425,73.7
toluene,saline,treatment,3,425,74.3
unamended,brackish,media_only,1,425,NA
unamended,brackish,media_only,2,425,NA
unamended,brackish,media_only,3,425,NA
unamended,brackish,unamended,1,425,26.1
unamended,brackish,unamended,2,425,47.8
unamended,brackish,unamended,3,425,31.4
unamended,fresh,media_only,1,425,NA
unamended,fresh,media_only,2,425,NA
unamended,fresh,media_only,3,425,NA
unamended,fresh,unamended,1,425,68.2
unamended,fresh,unamended,2,425,NA
unamended,fresh,unamended,3,425,143.5
unamended,saline,media_only,1,425,NA
unamended,saline,media_only,2,425,NA
unamended,saline,media_only,3,425,NA
unamended,saline,unamended,1,425,4.9
unamended,saline,unamended,2,425,42.3
unamended,saline,unamended,3,425,25.8
benzene,brackish,sterile,1,466,NA
benzene,brackish,sterile,2,466,NA
benzene,brackish,sterile,3,466,NA
benzene,brackish,treatment,1,466,146.9
benzene,brackish,treatment,2,466,141
benzene,brackish,treatment,3,466,132.8
benzene,fresh,sterile,1,466,NA
benzene,fresh,sterile,2,466,NA
benzene,fresh,sterile,3,466,NA
benzene,fresh,treatment,1,466,NA
benzene,fresh,treatment,2,466,25
benzene,fresh,treatment,3,466,80
benzene,saline,sterile,1,466,NA
benzene,saline,sterile,2,466,NA
benzene,saline,sterile,3,466,NA
benzene,saline,treatment,1,466,8
benzene,saline,treatment,2,466,13.7
benzene,saline,treatment,3,466,11.6
hexane,brackish,sterile,1,466,NA
hexane,brackish,sterile,2,466,NA
hexane,brackish,sterile,3,466,NA
hexane,brackish,treatment,1,466,149.8
hexane,brackish,treatment,2,466,168.1
hexane,brackish,treatment,3,466,171.1
hexane,fresh,sterile,1,466,NA
hexane,fresh,sterile,2,466,NA
hexane,fresh,sterile,3,466,NA
hexane,fresh,treatment,1,466,20.2
hexane,fresh,treatment,2,466,136.8
hexane,fresh,treatment,3,466,20.1
hexane,saline,sterile,1,466,NA
hexane,saline,sterile,2,466,NA
hexane,saline,sterile,3,466,NA
hexane,saline,treatment,1,466,51.5
hexane,saline,treatment,2,466,11.7
hexane,saline,treatment,3,466,50.9
toluene,brackish,sterile,1,466,NA
toluene,brackish,sterile,2,466,NA
toluene,brackish,sterile,3,466,NA
toluene,brackish,treatment,1,466,166
toluene,brackish,treatment,2,466,165.4
toluene,brackish,treatment,3,466,29.8
toluene,fresh,sterile,1,466,NA
toluene,fresh,sterile,2,466,NA
toluene,fresh,sterile,3,466,NA
toluene,fresh,treatment,1,466,64
toluene,fresh,treatment,2,466,63.8
toluene,fresh,treatment,3,466,15.3
toluene,saline,sterile,1,466,NA
toluene,saline,sterile,2,466,NA
toluene,saline,sterile,3,466,NA
toluene,saline,treatment,1,466,76.5
toluene,saline,treatment,2,466,87.5
toluene,saline,treatment,3,466,88
unamended,brackish,media_only,1,466,NA
unamended,brackish,media_only,2,466,NA
unamended,brackish,media_only,3,466,NA
unamended,brackish,unamended,1,466,27.2
unamended,brackish,unamended,2,466,50
unamended,brackish,unamended,3,466,35.8
unamended,fresh,media_only,1,466,NA
unamended,fresh,media_only,2,466,NA
unamended,fresh,media_only,3,466,NA
unamended,fresh,unamended,1,466,72.5
unamended,fresh,unamended,2,466,NA
unamended,fresh,unamended,3,466,157.9
unamended,saline,media_only,1,466,NA
unamended,saline,media_only,2,466,NA
unamended,saline,media_only,3,466,NA
unamended,saline,unamended,1,466,7.1
unamended,saline,unamended,2,466,45
unamended,saline,unamended,3,466,27.2
benzene,brackish,sterile,1,499,NA
benzene,brackish,sterile,2,499,NA
benzene,brackish,sterile,3,499,NA
benzene,brackish,treatment,1,499,147.4
benzene,brackish,treatment,2,499,139.4
benzene,brackish,treatment,3,499,130.4
benzene,fresh,sterile,1,499,NA
benzene,fresh,sterile,2,499,NA
benzene,fresh,sterile,3,499,NA
benzene,fresh,treatment,1,499,NA
benzene,fresh,treatment,2,499,25.2
benzene,fresh,treatment,3,499,86.6
benzene,saline,sterile,1,499,NA
benzene,saline,sterile,2,499,NA
benzene,saline,sterile,3,499,NA
benzene,saline,treatment,1,499,9
benzene,saline,treatment,2,499,15.8
benzene,saline,treatment,3,499,12.8
hexane,brackish,sterile,1,499,NA
hexane,brackish,sterile,2,499,NA
hexane,brackish,sterile,3,499,NA
hexane,brackish,treatment,1,499,149
hexane,brackish,treatment,2,499,171.6
hexane,brackish,treatment,3,499,178.4
hexane,fresh,sterile,1,499,NA
hexane,fresh,sterile,2,499,NA
hexane,fresh,sterile,3,499,NA
hexane,fresh,treatment,1,499,21.6
hexane,fresh,treatment,2,499,137.8
hexane,fresh,treatment,3,499,21.7
hexane,saline,sterile,1,499,NA
hexane,saline,sterile,2,499,NA
hexane,saline,sterile,3,499,NA
hexane,saline,treatment,1,499,54.3
hexane,saline,treatment,2,499,12.8
hexane,saline,treatment,3,499,55.3
toluene,brackish,sterile,1,499,NA
toluene,brackish,sterile,2,499,NA
toluene,brackish,sterile,3,499,NA
toluene,brackish,treatment,1,499,182
toluene,brackish,treatment,2,499,179.8
toluene,brackish,treatment,3,499,33
toluene,fresh,sterile,1,499,NA
toluene,fresh,sterile,2,499,NA
toluene,fresh,sterile,3,499,NA
toluene,fresh,treatment,1,499,68.1
toluene,fresh,treatment,2,499,66.1
toluene,fresh,treatment,3,499,16.4
toluene,saline,sterile,1,499,NA
toluene,saline,sterile,2,499,NA
toluene,saline,sterile,3,499,NA
toluene,saline,treatment,1,499,110.4
toluene,saline,treatment,2,499,98
toluene,saline,treatment,3,499,105.3
unamended,brackish,media_only,1,499,NA
unamended,brackish,media_only,2,499,NA
unamended,brackish,media_only,3,499,NA
unamended,brackish,unamended,1,499,31.8
unamended,brackish,unamended,2,499,52.1
unamended,brackish,unamended,3,499,37.1
unamended,fresh,media_only,1,499,NA
unamended,fresh,media_only,2,499,NA
unamended,fresh,media_only,3,499,NA
unamended,fresh,unamended,1,499,74.1
unamended,fresh,unamended,2,499,NA
unamended,fresh,unamended,3,499,163.2
unamended,saline,media_only,1,499,NA
unamended,saline,media_only,2,499,NA
unamended,saline,media_only,3,499,NA
unamended,saline,unamended,1,499,9.3
unamended,saline,unamended,2,499,50.8
unamended,saline,unamended,3,499,28.6
benzene,brackish,sterile,1,555,NA
benzene,brackish,sterile,2,555,NA
benzene,brackish,sterile,3,555,NA
benzene,brackish,treatment,1,555,171
benzene,brackish,treatment,2,555,157.5
benzene,brackish,treatment,3,555,152.2
benzene,fresh,sterile,1,555,NA
benzene,fresh,sterile,2,555,NA
benzene,fresh,sterile,3,555,NA
benzene,fresh,treatment,1,555,NA
benzene,fresh,treatment,2,555,23.2
benzene,fresh,treatment,3,555,78.4
benzene,saline,sterile,1,555,NA
benzene,saline,sterile,2,555,NA
benzene,saline,sterile,3,555,NA
benzene,saline,treatment,1,555,5.9
benzene,saline,treatment,2,555,14.1
benzene,saline,treatment,3,555,10
hexane,brackish,sterile,1,555,NA
hexane,brackish,sterile,2,555,NA
hexane,brackish,sterile,3,555,NA
hexane,brackish,treatment,1,555,175.6
hexane,brackish,treatment,2,555,197
hexane,brackish,treatment,3,555,186.9
hexane,fresh,sterile,1,555,NA
hexane,fresh,sterile,2,555,NA
hexane,fresh,sterile,3,555,NA
hexane,fresh,treatment,1,555,19.8
hexane,fresh,treatment,2,555,164.1
hexane,fresh,treatment,3,555,20.6
hexane,saline,sterile,1,555,NA
hexane,saline,sterile,2,555,NA
hexane,saline,sterile,3,555,NA
hexane,saline,treatment,1,555,59.2
hexane,saline,treatment,2,555,9.5
hexane,saline,treatment,3,555,73.3
toluene,brackish,sterile,1,555,NA
toluene,brackish,sterile,2,555,NA
toluene,brackish,sterile,3,555,NA
toluene,brackish,treatment,1,555,197.8
toluene,brackish,treatment,2,555,166.4
toluene,brackish,treatment,3,555,33.6
toluene,fresh,sterile,1,555,NA
toluene,fresh,sterile,2,555,NA
toluene,fresh,sterile,3,555,NA
toluene,fresh,treatment,1,555,69
toluene,fresh,treatment,2,555,69.3
toluene,fresh,treatment,3,555,13.4
toluene,saline,sterile,1,555,NA
toluene,saline,sterile,2,555,NA
toluene,saline,sterile,3,555,NA
toluene,saline,treatment,1,555,134.3
toluene,saline,treatment,2,555,124.5
toluene,saline,treatment,3,555,145.6
unamended,brackish,media_only,1,555,NA
unamended,brackish,media_only,2,555,NA
unamended,brackish,media_only,3,555,NA
unamended,brackish,unamended,1,555,35.5
unamended,brackish,unamended,2,555,54.2
unamended,brackish,unamended,3,555,42.9
unamended,fresh,media_only,1,555,NA
unamended,fresh,media_only,2,555,NA
unamended,fresh,media_only,3,555,NA
unamended,fresh,unamended,1,555,82.6
unamended,fresh,unamended,2,555,NA
unamended,fresh,unamended,3,555,188.3
unamended,saline,media_only,1,555,NA
unamended,saline,media_only,2,555,NA
unamended,saline,media_only,3,555,NA
unamended,saline,unamended,1,555,6.5
unamended,saline,unamended,2,555,66.4
unamended,saline,unamended,3,555,26.6
