ID,No.,sex,day,Season,Time ,MP,ABS,ORD,Weight,AC,Age,Rep,Lact,Obs,Mother,Father,Ecto,Num,fleas,nits,SM,other,Total,Endo,NUM,Gram,eim,EIM,str,STR,asc,ASC,Comm
7958,1,2,120,2015,1142,A,106,82,340,1,9,14,2,BB,NA,NA,Emg,1,1,400,35,0,36,EMG,1,0.5,0,0,0,0,0,0,NA
7958,0,2,121,2015,1205,A,104,86,350,1,9,14,2,BB,NA,NA,NA,NA,NA,NA,NA,NA,NA,NA,NA,NA,NA,NA,NA,NA,NA,NA,NA
7958,0,2,122,2015,1033,A,104,86,370,1,9,14,2,BB,NA,NA,NA,NA,NA,NA,NA,NA,NA,NA,NA,NA,NA,NA,NA,NA,NA,NA,NA
7958,0,2,123,2015,918,A,120,82,380,1,9,16,2,BB,NA,NA,Post,0,3,60,3,0,6,NA,NA,NA,NA,NA,NA,NA,NA,NA,NA
7958,0,2,125,2015,1201,A,125,108,370,1,9,17,2,TH,NA,NA,NA,NA,NA,NA,NA,NA,NA,NA,NA,NA,NA,NA,NA,NA,NA,NA,NA
7958,0,2,130,2015,1125,A,105,85,440,1,9,17,2,TH,NA,NA,NA,NA,NA,NA,NA,NA,NA,GEST,7,0.41,532,1298,0,0,0,0,NA
7958,0,2,138,2015,1037,A,114,88,430,1,9,17,3,BB,NA,NA,Gest,15,2,15,0,0,1,NA,NA,NA,NA,NA,NA,NA,NA,NA,NA
7958,0,2,150,2015,1136,A,124,88,400,1,9,17,3,BB,NA,NA,NA,NA,NA,NA,NA,NA,NA,NA,NA,NA,NA,NA,NA,NA,NA,NA,NA
7958,0,2,159,2015,952,A,132,114,430,1,9,17,4,TH,NA,NA,Lac,36,0,0,0,0,0,LAC,36,0.6,60,100,0,0,0,0,NA
7958,0,2,175,2015,1727,A,119,91,420,1,9,17,4,TB,NA,NA,Emb,0,0,0,1,0,1,EMB,0,0.58,12,21,0,0,0,0,NA
A396,1,1,112,2015,1025,A,231,43,580,2,5,4,NA,TB,NA,NA,Prm,5,6,0,0,0,6,PRM,5,0.25,4,16,3,12,0,0,NA
A396,0,1,119,2015,1216,A,235,46,550,2,5,4,NA,TH,NA,NA,NA,NA,NA,NA,NA,NA,NA,NA,NA,NA,NA,NA,NA,NA,NA,NA,NA
A396,0,1,125,2015,1332,A,234,43,535,2,5,4,NA,TB,NA,NA,Pom,18,3,15,0,0,3,POM,18,0.21,2976,14171,0,0,0,0,NA
A396,0,1,137,2015,1045,A,231,49,540,2,5,4,NA,BB,NA,NA,NA,NA,NA,NA,NA,NA,NA,NA,NA,NA,NA,NA,NA,NA,NA,NA,NA
A396,0,1,152,2015,1052,A,221,51,590,2,5,4,NA,TH,NA,NA,NA,NA,NA,NA,NA,NA,NA,NA,NA,NA,NA,NA,NA,NA,NA,NA,NA
A396,0,1,158,2015,958,A,231,45,625,2,5,4,NA,TH,NA,NA,NA,NA,NA,NA,NA,NA,NA,NA,NA,NA,NA,NA,NA,NA,NA,NA,NA
C290,1,1,106,2015,1326,A,134,100,580,1,6,4,NA,TH,NA,NA,NA,NA,10,NA,NA,NA,10,NA,NA,NA,NA,NA,NA,NA,NA,NA,NA
C290,0,1,107,2015,1035,A,150,110,580,1,6,4,NA,TH,NA,NA,NA,NA,5,NA,NA,NA,5,NA,NA,NA,NA,NA,NA,NA,NA,NA,NA
C290,0,1,108,2015,1507,A,153,94,600,1,6,4,NA,TH,NA,NA,Prm,2,7,0,0,0,7,PRM,2,0.1,0,0,0,0,1,10,NA
C290,0,1,115,2015,1225,A,117,53,590,1,6,4,NA,TB,NA,NA,NA,NA,NA,NA,NA,NA,NA,NA,NA,NA,NA,NA,NA,NA,NA,NA,NA
C290,0,1,121,2015,1031,A,164,111,570,1,6,4,NA,BB,NA,NA,NA,NA,NA,NA,NA,NA,NA,NA,NA,NA,NA,NA,NA,NA,NA,NA,NA
C290,0,1,125,2015,1231,A,155,102,580,1,6,4,NA,BB,NA,NA,Pom,19,0,30,20,0,20,POM,19,0.56,1320,2357,0,0,0,0,NA
C290,0,1,137,2015,1110,A,179,106,580,1,6,4,NA,BB,NA,NA,NA,NA,NA,NA,NA,NA,NA,NA,NA,NA,NA,NA,NA,NA,NA,NA,NA
C290,0,1,138,2015,1057,A,156,98,580,1,6,4,NA,TB,NA,NA,NA,NA,NA,NA,NA,NA,NA,NA,NA,NA,NA,NA,NA,NA,NA,NA,NA
C290,0,1,150,2015,1124,A,120,85,630,1,6,4,NA,BB,NA,NA,NA,NA,NA,NA,NA,NA,NA,NA,NA,NA,NA,NA,NA,NA,NA,NA,NA
C290,0,1,151,2015,1113,A,169,109,640,1,6,4,NA,TH,NA,NA,NA,NA,5,NA,NA,NA,5,NA,NA,NA,NA,NA,NA,NA,NA,NA,NA
C290,0,1,159,2015,1006,A,152,89,680,1,6,4,NA,TH,NA,NA,NA,NA,NA,NA,NA,NA,NA,NA,NA,NA,NA,NA,NA,NA,NA,NA,NA
D012,1,2,121,2015,1010,A,100,109,400,1,8,14,2,BB,NA,NA,Emg,1,0,6,28,0,28,EMG,1,0.44,5,11,0,0,0,0,NA
D012,0,2,124,2015,1251,A,109,113,430,1,8,16,2,BB,NA,NA,Post,0,0,10,0,0,0,NA,NA,NA,NA,NA,NA,NA,NA,NA,NA
D012,0,2,125,2015,1210,A,120,123,415,1,8,17,2,TH,NA,NA,NA,NA,NA,NA,NA,NA,NA,NA,NA,NA,NA,NA,NA,NA,NA,NA,NA
D012,0,2,131,2015,1058,A,100,109,445,1,8,17,2,TH,NA,NA,NA,NA,NA,NA,NA,NA,NA,GEST,7,0.44,3,7,0,0,0,0,NA
D012,0,2,138,2015,1022,A,102,82,460,1,8,17,3,BB,NA,NA,Gest,14,0,4,0,0,0,NA,NA,NA,NA,NA,NA,NA,NA,NA,NA
D012,0,2,150,2015,1127,A,101,105,435,1,8,17,4,TH,NA,NA,NA,NA,NA,NA,NA,NA,NA,NA,NA,NA,NA,NA,NA,NA,NA,NA,NA
D012,0,2,159,2015,955,A,148,105,420,1,8,17,4,TH,NA,NA,Lac,35,0,0,0,0,0,LAC,35,0.6,40,67,0,0,0,0,NA
D012,0,2,174,2015,1813,A,100,104,460,1,8,17,4,TB,NA,NA,Emb,0,0,0,0,0,0,EMB,0,0.56,13,23,0,0,0,0,NA
D065,1,2,111,2015,1436,A,100,71,470,1,6,13,2,TH,NA,NA,Emg,1,12,0,200,0,212,EMG,1,0.28,392,1400,0,0,0,0,NA
D065,0,2,112,2015,1127,A,96,82,475,1,6,13,2,TH,NA,NA,NA,NA,NA,NA,NA,NA,NA,NA,NA,NA,NA,NA,NA,NA,NA,NA,NA
D065,0,2,113,2015,1228,A,121,80,490,1,6,15,2,TH,NA,NA,NA,NA,NA,NA,NA,NA,NA,NA,NA,NA,NA,NA,NA,NA,NA,NA,NA
D065,0,2,114,2015,1101,A,165,86,470,1,6,16,2,TB,NA,NA,NA,NA,NA,NA,NA,NA,NA,NA,NA,NA,NA,NA,NA,NA,NA,NA,NA
D065,0,2,115,2015,1126,A,150,92,495,1,6,17,2,TB,NA,NA,Post,1,0,45,1,0,1,NA,NA,NA,NA,NA,NA,NA,NA,NA,NA
D065,0,2,121,2015,1382,A,104,81,550,1,6,17,2,BB,NA,NA,NA,NA,NA,NA,NA,NA,NA,GEST,7,0.28,143,511,0,0,0,0,NA
D065,0,2,128,2015,1050,A,124,84,560,1,6,17,2,BB,NA,NA,Gest,14,0,10,2,0,2,NA,NA,NA,NA,NA,NA,NA,NA,NA,NA
D065,0,2,138,2015,1036,A,120,83,520,1,6,17,3,TH,NA,NA,NA,NA,NA,NA,NA,NA,NA,NA,NA,NA,NA,NA,NA,NA,NA,NA,NA
D065,0,2,150,2015,1128,A,124,83,510,1,6,17,4,BB,NA,NA,Lac,36,1,0,0,0,1,LAC,36,0.59,104,176,0,0,0,0,NA
D065,0,2,159,2015,1009,A,148,88,505,1,6,17,4,TH,NA,NA,NA,NA,NA,NA,NA,NA,NA,NA,NA,NA,NA,NA,NA,NA,NA,NA,NA
D065,0,2,165,2015,1544,A,127,84,500,1,6,17,4,TB,NA,NA,Emb,0,4,0,0,0,4,EMB,0,0.6,4,7,0,0,0,0,NA
D074,1,2,117,2015,1009,A,42,10,480,1,6,14,2,TB,NA,NA,Emg,2,10,0,4,0,14,EMG,2,0.42,260,619,0,0,0,0,NA
D074,0,2,118,2015,1239,A,97,60,500,1,6,14,2,TH,NA,NA,NA,NA,NA,NA,NA,NA,NA,NA,NA,NA,NA,NA,NA,NA,NA,NA,NA
D074,0,2,119,2015,1114,A,98,60,495,1,6,16,2,TH,NA,NA,Post,0,5,0,0,0,5,NA,NA,NA,NA,NA,NA,NA,NA,NA,NA
D074,0,2,125,2015,1220,A,99,58,540,1,6,17,2,TB,NA,NA,NA,NA,NA,NA,NA,NA,NA,NA,NA,NA,NA,NA,NA,NA,NA,NA,NA
D074,0,2,127,2015,1250,A,93,61,545,1,6,17,2,TB,NA,NA,Gest,8,0,0,2,0,2,GEST,8,0.42,20736,49371,0,0,0,0,NA
D074,0,2,139,2015,1059,A,75,50,510,1,6,17,3,TH,NA,NA,Lac,20,1,0,0,0,1,NA,NA,NA,NA,NA,NA,NA,NA,NA,NA
D074,0,2,150,2015,1101,A,93,62,530,1,6,17,3,BB,NA,NA,NA,NA,5,NA,NA,NA,5,NA,NA,NA,NA,NA,NA,NA,NA,NA,NA
D074,0,2,160,2015,1001,A,108,47,570,1,6,17,5,TB,NA,NA,Lost,41,2,0,0,0,2,LOST,41,0.54,3339,6183,0,0,0,0,NA
D128,1,2,109,2015,1117,A,106,31,460,1,5,13,2,TH,D074,A385,Emg,1,1,0,0,0,1,EMG,1,0.4,2,5,0,0,0,0,NA
D128,0,2,111,2015,1244,A,94,13,500,1,5,15,2,TH,D074,A385,NA,NA,NA,NA,NA,NA,NA,NA,NA,NA,NA,NA,NA,NA,NA,NA,NA
D128,0,2,112,2015,1127,A,99,74,500,1,5,16,2,TB,D074,A385,NA,NA,NA,NA,NA,NA,NA,NA,NA,NA,NA,NA,NA,NA,NA,NA,NA
D128,0,2,113,2015,1245,A,95,36,520,1,5,17,2,TB,D074,A385,NA,NA,NA,NA,NA,NA,NA,NA,NA,NA,NA,NA,NA,NA,NA,NA,NA
D128,0,2,114,2015,1154,A,104,35,505,1,5,17,2,TB,D074,A385,Post,2,0,25,2,0,2,NA,NA,NA,NA,NA,NA,NA,NA,NA,NA
D128,0,2,117,2015,1513,A,30,10,550,1,5,17,2,TH,D074,A385,NA,NA,NA,NA,NA,NA,NA,GEST,5,0.48,90,188,0,0,0,0,WWx7
D128,0,2,124,2015,1101,A,106,37,590,1,5,17,2,BB,D074,A385,NA,NA,NA,NA,NA,NA,NA,NA,NA,NA,NA,NA,NA,NA,NA,NA,NA
D128,0,2,128,2015,1151,A,132,26,590,1,5,17,2,BB,D074,A385,Gest,16,0,10,4,0,4,NA,NA,NA,NA,NA,NA,NA,NA,NA,NA
D128,0,2,138,2015,1009,A,105,35,540,1,5,17,4,TB,D074,A385,NA,NA,NA,NA,NA,NA,NA,NA,NA,NA,NA,NA,NA,NA,NA,NA,NA
D128,0,2,150,2015,1036,A,105,32,510,1,5,17,4,TH,D074,A385,Lac,39,0,0,0,0,0,LAC,39,0.61,8,13,3,5,0,0,NA
D128,0,2,160,2015,955,A,126,35,520,1,5,17,4,TB,D074,A385,NA,NA,NA,NA,NA,NA,NA,NA,NA,NA,NA,NA,NA,NA,NA,NA,NA
D128,0,2,164,2015,1100,A,105,31,500,1,5,17,4,TH,D074,A385,Emb,3,1,0,5,0,6,EMB,3,0.6,8,13,12,20,0,0,NA
D129,1,2,114,2015,1159,A,102,38,390,1,5,13,2,TB,D074,A385,Emg,0,2,65,0,0,2,NA,NA,NA,NA,NA,NA,NA,NA,NA,NA
D129,0,2,115,2015,1009,A,99,37,390,1,5,14,2,TB,D074,A385,NA,NA,NA,NA,NA,NA,NA,EMG,1,0.23,109,474,2,9,40,174,NA
D129,0,2,116,2015,1217,A,70,40,415,1,5,14,2,TB,D074,A385,NA,NA,NA,NA,NA,NA,NA,NA,NA,NA,NA,NA,NA,NA,NA,NA,NA
D129,0,2,117,2015,1010,A,55,10,435,1,5,16,2,TH,D074,A385,NA,NA,NA,NA,NA,NA,NA,NA,NA,NA,NA,NA,NA,NA,NA,NA,NA
D129,0,2,118,2015,1105,A,107,36,450,1,5,17,2,TH,D074,A385,Post,1,16,100,1,0,17,NA,NA,NA,NA,NA,NA,NA,NA,NA,NA
D129,0,2,125,2015,1053,A,96,43,515,1,5,17,2,TH,D074,A385,NA,NA,NA,NA,NA,NA,NA,GEST,8,0.39,84,215,0,0,0,0,NA
D129,0,2,138,2015,1009,A,100,29,550,1,5,17,3,TH,D074,A385,Gest,21,0,0,0,0,0,NA,NA,NA,NA,NA,NA,NA,NA,NA,NA
D129,0,2,149,2015,1110,A,77,50,530,1,5,17,4,TH,D074,A385,NA,NA,NA,NA,NA,NA,NA,NA,NA,NA,NA,NA,NA,NA,NA,NA,NA
D129,0,2,160,2015,950,A,107,24,535,1,5,17,4,TH,D074,A385,Lac,43,0,0,0,0,0,LAC,43,0.54,84,156,0,0,0,0,NA
D129,0,2,167,2015,1353,A,99,29,520,1,5,17,4,TB,D074,A385,Emb,0,1,0,0,0,1,EMB,0,0.46,3,7,0,0,0,0,NA
D131,1,2,121,2015,1301,A,72,108,440,1,5,13,2,TH,D012,C820,Emg,2,2,5,1,0,3,EMG,2,0.34,9,26,0,0,0,0,NA
D131,0,2,122,2015,958,A,98,114,450,1,5,14,2,BB,D012,C820,NA,NA,NA,NA,NA,NA,NA,NA,NA,NA,NA,NA,NA,NA,NA,NA,NA
D131,0,2,123,2015,1113,A,100,114,450,1,5,15,2,BB,D012,C820,NA,NA,NA,NA,NA,NA,NA,NA,NA,NA,NA,NA,NA,NA,NA,NA,NA
D131,0,2,124,2015,1553,A,96,106,440,1,5,16,2,TB,D012,C820,Post,0,5,12,0,0,5,NA,NA,NA,NA,NA,NA,NA,NA,NA,NA
D131,0,2,125,2015,1148,A,75,113,440,1,5,17,2,TH,D012,C820,NA,NA,NA,NA,NA,NA,NA,NA,NA,NA,NA,NA,NA,NA,NA,NA,NA
D131,0,2,131,2015,1047,A,75,107,505,1,5,17,2,TH,D012,C820,NA,NA,NA,NA,NA,NA,NA,GEST,7,0.57,261,458,0,0,0,0,NA
D131,0,2,139,2015,1146,A,74,112,480,1,5,17,3,TB,D012,C820,Gest,15,2,0,0,0,2,NA,NA,NA,NA,NA,NA,NA,NA,NA,NA
D131,0,2,149,2015,1147,A,70,94,480,1,5,17,4,TH,D012,C820,NA,NA,NA,NA,NA,NA,NA,NA,NA,NA,NA,NA,NA,NA,NA,NA,NA
D131,0,2,160,2015,1047,A,99,125,480,1,5,17,4,TB,D012,C820,Lac,36,0,0,0,0,0,LAC,36,0.5,13,26,0,0,0,0,NA
D131,0,2,175,2015,1551,A,75,104,500,1,5,17,4,TB,D012,C820,Emb,0,1,0,0,0,1,EMB,0,0.68,0,0,0,0,0,0,NA
D132,1,2,109,2015,1501,A,70,54,460,1,5,13,2,TH,D012,C820,Emg,0,2,0,0,0,2,EMG,0,0.4,1539,3848,0,0,2,5,NA
D132,0,2,111,2015,1436,A,95,66,490,1,5,15,2,TB,D012,C820,NA,NA,NA,NA,NA,NA,NA,NA,NA,NA,NA,NA,NA,NA,NA,NA,NA
D132,0,2,112,2015,1133,A,96,73,480,1,5,15,2,TH,D012,C820,NA,NA,NA,NA,NA,NA,NA,NA,NA,NA,NA,NA,NA,NA,NA,NA,NA
D132,0,2,113,2015,1234,A,126,69,480,1,5,16,2,TB,D012,C820,NA,NA,NA,NA,NA,NA,NA,NA,NA,NA,NA,NA,NA,NA,NA,NA,NA
D132,0,2,114,2015,1301,A,89,92,480,1,5,17,2,TB,D012,C820,Post,1,0,25,0,0,0,NA,NA,NA,NA,NA,NA,NA,NA,NA,NA
D132,0,2,115,2015,1152,A,98,68,470,1,5,17,2,TB,D012,C820,NA,NA,NA,NA,NA,NA,NA,NA,NA,NA,NA,NA,NA,NA,NA,NA,NA
D132,0,2,121,2015,1258,A,75,98,470,1,5,17,2,BB,D012,C820,NA,NA,NA,NA,NA,NA,NA,GEST,8,0.33,155,470,0,0,0,0,NA
D132,0,2,124,2015,1400,A,106,111,515,1,5,17,2,TB,D012,C820,NA,NA,NA,NA,NA,NA,NA,NA,NA,NA,NA,NA,NA,NA,NA,NA,NA
D132,0,2,125,2015,1155,A,80,102,500,1,5,17,2,TB,D012,C820,NA,NA,NA,NA,NA,NA,NA,NA,NA,NA,NA,NA,NA,NA,NA,NA,NA
D132,0,2,127,2015,1223,A,98,60,510,1,5,17,2,TB,D012,C820,Gest,14,1,0,0,0,1,NA,NA,NA,NA,NA,NA,NA,NA,NA,NA
D132,0,2,138,2015,1013,A,92,64,460,1,5,17,3,BB,D012,C820,NA,NA,NA,NA,NA,NA,NA,NA,NA,NA,NA,NA,NA,NA,NA,NA,NA
D132,0,2,149,2015,1205,A,84,91,425,1,5,17,4,TH,D012,C820,Lac,36,0,0,0,0,0,LAC,36,0.56,236,421,0,0,5,9,NA
D132,0,2,159,2015,1016,A,132,87,480,1,5,17,4,TH,D012,C820,NA,NA,NA,NA,NA,NA,NA,NA,NA,NA,NA,NA,NA,NA,NA,NA,NA
D132,0,2,164,2015,1513,A,79,57,500,1,5,17,4,TB,D012,C820,Emb,1,0,5,1,0,1,EMB,1,0.26,3096,11908,0,0,0,0,NA
D136,1,2,121,2015,1147,A,69,50,440,1,5,14,2,TH,D020,C820,Emg,3,2,23,2,0,4,EMG,3,0.36,0,0,0,0,0,0,NA
D136,0,2,123,2015,1343,A,95,107,490,1,5,16,2,BB,D020,C820,Post,0,2,30,0,0,2,NA,NA,NA,NA,NA,NA,NA,NA,NA,NA
D136,0,2,128,2015,1035,A,49,71,505,1,5,17,2,TH,D020,C820,NA,NA,NA,NA,NA,NA,NA,NA,NA,NA,NA,NA,NA,NA,NA,NA,NA
D136,0,2,130,2015,1053,A,65,110,520,1,5,17,2,TH,D020,C820,NA,NA,NA,NA,NA,NA,NA,GEST,6,0.48,6,13,0,0,0,0,NA
D136,0,2,139,2015,1147,A,66,113,515,1,5,17,3,TH,D020,C820,Gest,16,0,10,0,0,0,NA,NA,NA,NA,NA,NA,NA,NA,NA,NA
D136,0,2,149,2015,1146,A,62,106,490,1,5,17,3,BB,D020,C820,NA,NA,NA,NA,NA,NA,NA,NA,NA,NA,NA,NA,NA,NA,NA,NA,NA
D136,0,2,160,2015,1050,A,96,99,490,1,5,17,4,TH,D020,C820,Lac,37,1,0,0,0,1,LAC,37,0.54,6,11,0,0,0,0,NA
D136,0,2,174,2015,1239,A,65,111,525,1,5,17,4,TB,D020,C820,Emb,1,0,0,0,0,0,EMB,1,0.56,153,273,0,0,0,0,NA
D141,1,2,109,2015,1551,A,115,26,460,1,5,13,2,TH,D330,A385,Emg,0,6,0,0,0,6,EMG,0,0.05,460,9200,0,0,1,20,NA
D141,0,2,111,2015,1350,A,95,22,490,1,5,15,2,TH,D330,A385,NA,NA,NA,NA,NA,NA,NA,NA,NA,NA,NA,NA,NA,NA,NA,NA,NA
D141,0,2,112,2015,1017,A,158,25,480,1,5,15,2,TB,D330,A385,NA,NA,NA,NA,NA,NA,NA,NA,NA,NA,NA,NA,NA,NA,NA,NA,NA
D141,0,2,113,2015,1015,A,139,29,480,1,5,16,2,TB,D330,A385,NA,NA,NA,NA,NA,NA,NA,NA,NA,NA,NA,NA,NA,NA,NA,NA,NA
D141,0,2,114,2015,1002,A,129,22,500,1,5,17,2,TB,D330,A385,Post,1,2,27,1,0,3,NA,NA,NA,NA,NA,NA,NA,NA,NA,NA
D141,0,2,117,2015,1201,A,103,35,520,1,5,17,2,TB,D330,A385,NA,NA,NA,NA,NA,NA,NA,NA,NA,NA,NA,NA,NA,NA,NA,NA,NA
D141,0,2,120,2015,1106,A,117,36,530,1,5,17,2,BB,D330,A385,NA,NA,NA,NA,NA,NA,NA,GEST,7,0.42,89,212,0,0,0,0,NA
D141,0,2,125,2015,1024,A,125,23,560,1,5,17,2,TH,D330,A385,NA,NA,NA,NA,NA,NA,NA,NA,NA,NA,NA,NA,NA,NA,NA,NA,NA
D141,0,2,127,2015,1024,A,132,21,570,1,5,17,2,TB,D330,A385,Gest,14,4,0,0,0,4,NA,NA,NA,NA,NA,NA,NA,NA,NA,NA
D141,0,2,138,2015,940,A,128,20,525,1,5,17,3,TB,D330,A385,NA,NA,NA,NA,NA,NA,NA,NA,NA,NA,NA,NA,NA,NA,NA,NA,NA
D141,0,2,150,2015,1008,A,128,39,535,1,5,17,4,TH,D330,A385,Lac,37,0,0,0,0,0,LAC,37,0.56,66,118,0,0,0,0,TW
D141,0,2,163,2015,1600,A,134,31,590,1,5,17,4,TH,D330,A385,Emb,1,0,2,7,0,7,EMB,1,0.62,52,84,0,0,0,0,NA
D142,1,2,118,2015,1450,A,153,131,370,1,5,13,2,TH,D316,C804,Emg,2,6,150,0,0,6,NA,NA,NA,NA,NA,NA,NA,NA,NA,NA
D142,0,2,121,2015,1032,A,165,115,420,1,5,15,2,TH,D316,C804,NA,NA,NA,NA,NA,NA,NA,NA,NA,NA,NA,NA,NA,NA,NA,NA,NA
D142,0,2,122,2015,1011,A,173,113,420,1,5,16,2,BB,D316,C804,Post,0,0,30,6,0,6,PRE,0,0.35,25,71,0,0,0,0,NA
D142,0,2,124,2015,1455,A,178,100,460,1,5,17,2,TB,D316,C804,NA,NA,NA,NA,NA,NA,NA,NA,NA,NA,NA,NA,NA,NA,NA,NA,NA
D142,0,2,125,2015,1244,A,166,105,440,1,5,17,2,TH,D316,C804,NA,NA,NA,NA,NA,NA,NA,NA,NA,NA,NA,NA,NA,NA,NA,NA,NA
D142,0,2,129,2015,1046,A,164,114,490,1,5,17,2,TH,D316,C804,NA,NA,NA,NA,NA,NA,NA,GEST,7,0.39,1,3,0,0,0,0,NA
D142,0,2,137,2015,1110,A,177,110,490,1,5,17,2,TH,D316,C804,Gest,15,1,0,0,0,1,NA,NA,NA,NA,NA,NA,NA,NA,NA,NA
D142,0,2,158,2015,1040,A,198,111,500,1,5,17,4,TH,D316,C804,Lac,36,0,0,0,0,0,LAC,36,0.52,372,715,0,0,0,0,NA
D142,0,2,171,2015,1200,A,159,105,490,1,2,17,4,TH,D316,C804,Emb,0,1,0,1,0,2,EMB,0,0.6,50,83,0,0,0,0,NA
D144,1,2,112,2015,1108,A,155,92,400,1,5,14,2,TB,D316,C804,Emg,0,0,0,0,0,0,EMG,0,0.63,190,302,0,0,4,6,NA
D144,0,2,113,2015,1050,A,201,114,420,1,5,14,2,TB,D316,C804,NA,NA,NA,NA,NA,NA,NA,NA,NA,NA,NA,NA,NA,NA,NA,NA,NA
D144,0,2,114,2015,1042,A,156,96,440,1,5,15,2,TB,D316,C804,NA,NA,NA,NA,NA,NA,NA,NA,NA,NA,NA,NA,NA,NA,NA,NA,NA
D144,0,2,116,2015,1129,A,179,121,440,1,5,17,2,TH,D316,C804,Post,1,23,35,0,1,24,NA,NA,NA,NA,NA,NA,NA,NA,NA,NA
D144,0,2,122,2015,1043,A,201,123,510,1,5,17,2,BB,D316,C804,NA,NA,NA,NA,NA,NA,NA,GEST,7,0.26,130,500,0,0,0,0,NA
D144,0,2,125,2015,1303,A,200,120,520,1,5,17,2,TB,D316,C804,NA,NA,NA,NA,NA,NA,NA,NA,NA,NA,NA,NA,NA,NA,NA,NA,NA
D144,0,2,127,2015,1207,A,178,107,535,1,5,17,2,TB,D316,C804,Gest,12,1,2,0,0,1,NA,NA,NA,NA,NA,NA,NA,NA,NA,NA
D144,0,2,137,2015,1118,A,188,123,545,1,5,17,3,TB,D316,C804,NA,NA,NA,NA,NA,NA,NA,NA,NA,NA,NA,NA,NA,NA,NA,NA,NA
D144,0,2,151,2015,1125,A,178,105,490,1,5,17,4,TH,D316,C804,Lac,36,1,0,0,0,1,LAC,36,0.6,0,0,0,0,0,0,NA
D144,0,2,167,2015,1336,A,199,123,510,1,5,17,4,TH,D316,C804,Emb,1,2,0,0,0,2,EMB,1,0.58,0,0,0,0,0,0,NA
D155,1,1,107,2015,1459,A,145,25,555,2,5,3,NA,TH,NA,NA,NA,NA,5,NA,NA,NA,5,NA,NA,NA,NA,NA,NA,NA,NA,NA,NA
D155,0,1,108,2015,1407,A,158,27,570,2,5,3,NA,TH,NA,NA,Prm,1,22,0,0,0,22,PRM,1,0.3,9,30,0,0,0,0,NA
D155,0,1,111,2015,1341,A,154,22,590,2,5,4,NA,TB,NA,NA,NA,NA,NA,NA,NA,NA,NA,NA,NA,NA,NA,NA,NA,NA,NA,NA,NA
D155,0,1,117,2015,1530,A,196,28,565,2,5,4,NA,TB,NA,NA,NA,NA,NA,NA,NA,NA,NA,NA,NA,NA,NA,NA,NA,NA,NA,NA,NA
D155,0,1,125,2015,1340,A,212,42,550,2,5,4,NA,BB,NA,NA,Pom,18,2,20,0,0,2,POM,18,0.27,1416,5244,0,0,0,0,NA
D155,0,1,137,2015,1024,A,209,30,540,2,5,4,NA,TB,NA,NA,NA,NA,NA,NA,NA,NA,NA,NA,NA,NA,NA,NA,NA,NA,NA,NA,NA
D155,0,1,151,2015,1023,A,179,61,580,2,5,4,NA,TH,NA,NA,NA,NA,5,NA,NA,NA,5,NA,NA,NA,NA,NA,NA,NA,NA,NA,NA
D155,0,1,158,2015,950,A,190,31,615,2,5,4,NA,TH,NA,NA,NA,NA,NA,NA,NA,NA,NA,NA,NA,NA,NA,NA,NA,NA,NA,NA,NA
D179,1,2,113,2015,1329,A,95,28,400,1,4,13,2,TB,7963,A385,Emg,0,1,55,1,0,2,NA,NA,NA,NA,NA,NA,NA,NA,NA,NA
D179,0,2,114,2015,1505,A,200,35,420,1,4,14,2,TB,7963,A385,NA,NA,NA,NA,NA,NA,NA,NA,NA,NA,NA,NA,NA,NA,NA,NA,NA
D179,0,2,115,2015,1239,A,201,43,410,1,4,14,2,TB,7963,A385,NA,NA,NA,NA,NA,NA,NA,NA,NA,NA,NA,NA,NA,NA,NA,NA,NA
D179,0,2,116,2015,1047,A,201,33,420,1,4,14,2,TB,7963,A385,NA,NA,NA,NA,NA,NA,NA,EMG,3,0.37,0,0,0,0,0,0,NA
D179,0,2,117,2015,1156,A,200,31,445,1,4,14,2,TH,7963,A385,NA,NA,NA,NA,NA,NA,NA,NA,NA,NA,NA,NA,NA,NA,NA,NA,NA
D179,0,2,118,2015,1323,A,204,32,440,1,4,16,2,TH,7963,A385,Post,0,6,37,1,0,7,NA,NA,NA,NA,NA,NA,NA,NA,NA,NA
D179,0,2,125,2015,1346,A,204,41,490,1,4,17,2,TH,7963,A385,NA,NA,NA,NA,NA,NA,NA,GEST,7,0.34,283,832,0,0,0,0,NA
D179,0,2,137,2015,1030,A,202,26,520,1,4,17,3,TH,7963,A385,Gest,19,1,0,0,0,1,NA,NA,NA,NA,NA,NA,NA,NA,NA,NA
D179,0,2,152,2015,1018,A,199,30,525,1,4,17,5,TH,7963,A385,Lost,34,3,0,0,0,3,LOST,34,0.56,356,636,1,2,0,0,NA
D192,1,2,112,2015,1050,A,211,79,500,1,4,13,2,TH,B764,C804,Emg,0,3,1,0,0,3,EMG,0,0.42,352,838,0,0,0,0,NA
D192,0,2,114,2015,1122,A,210,90,520,1,4,15,2,TB,B764,C804,NA,NA,NA,NA,NA,NA,NA,NA,NA,NA,NA,NA,NA,NA,NA,NA,NA
D192,0,2,116,2015,1145,A,210,76,510,1,4,17,2,TB,B764,C804,Post,1,4,0,3,0,7,NA,NA,NA,NA,NA,NA,NA,NA,NA,NA
D192,0,2,122,2015,1026,A,213,76,560,1,4,17,2,BB,B764,C804,NA,NA,NA,NA,NA,NA,NA,GEST,4,0.39,317,813,0,0,0,0,NA
D192,0,2,127,2015,1332,A,199,78,600,1,4,17,2,BB,B764,C804,Gest,12,0,30,0,0,0,NA,NA,NA,NA,NA,NA,NA,NA,NA,NA
D192,0,2,151,2015,1235,A,176,86,510,1,4,17,4,TH,B764,C804,Lac,36,0,0,0,0,0,LAC,34,0.51,15,29,2,4,0,0,NA
D192,0,2,166,2015,1457,A,205,79,520,1,4,17,4,TB,B764,C804,Emb,0,0,0,0,0,0,EMB,1,0.56,32,57,0,0,0,0,NA
D321,1,2,112,2015,1031,A,233,48,430,1,7,14,2,TH,NA,NA,Emg,2,10,18,0,0,10,EMG,2,0.66,0,0,0,0,0,0,NA
D321,0,2,113,2015,1204,A,209,49,440,1,7,15,2,TB,NA,NA,NA,NA,NA,NA,NA,NA,NA,NA,NA,NA,NA,NA,NA,NA,NA,NA,NA
D321,0,2,114,2015,1421,A,202,49,430,1,7,16,2,TB,NA,NA,NA,NA,NA,NA,NA,NA,NA,NA,NA,NA,NA,NA,NA,NA,NA,NA,NA
D321,0,2,116,2015,1320,A,208,49,440,1,7,17,2,TB,NA,NA,Post,2,5,42,0,0,5,NA,NA,NA,NA,NA,NA,NA,NA,NA,NA
D321,0,2,121,2015,1109,A,208,44,490,1,7,17,2,BB,NA,NA,NA,NA,NA,NA,NA,NA,NA,GEST,7,0.43,741,1723,0,0,1,2,NA
D321,0,2,125,2015,1349,A,209,36,520,1,7,17,2,TB,NA,NA,NA,NA,NA,NA,NA,NA,NA,NA,NA,NA,NA,NA,NA,NA,NA,NA,NA
D321,0,2,128,2015,1131,A,208,41,530,1,7,17,2,TB,NA,NA,Gest,14,0,12,0,0,0,NA,NA,NA,NA,NA,NA,NA,NA,NA,NA
D321,0,2,137,2015,1031,A,210,46,525,1,7,17,3,TB,NA,NA,NA,NA,NA,NA,NA,NA,NA,NA,NA,NA,NA,NA,NA,NA,NA,NA,NA
D321,0,2,152,2015,1024,A,215,33,470,1,7,17,4,TH,NA,NA,Lac,38,0,0,0,0,0,LAC,38,0.57,424,744,8,14,0,0,NA
D321,0,2,158,2015,1011,A,216,45,475,1,7,17,4,TH,NA,NA,NA,NA,NA,NA,NA,NA,NA,NA,NA,NA,NA,NA,NA,NA,NA,NA,NA
D321,0,2,164,2015,1000,A,217,38,450,1,7,17,4,TH,NA,NA,Emb,0,0,0,0,0,0,EMB,0,0.5,500,1000,3,6,0,0,NA
D361,1,1,107,2015,1208,A,110,40,545,1,6,4,NA,TH,NA,NA,NA,NA,10,NA,NA,NA,10,NA,NA,NA,NA,NA,NA,NA,NA,NA,NA
D361,0,1,108,2015,1523,A,97,48,550,1,6,4,NA,TH,NA,NA,Prm,3,8,0,0,0,8,PRM,3,0.05,3553,71060,0,0,0,0,NA
D361,0,1,115,2015,1023,A,116,53,520,1,6,4,NA,TB,NA,NA,NA,NA,NA,NA,NA,NA,NA,NA,NA,NA,NA,NA,NA,NA,NA,NA,NA
D361,0,1,122,2015,951,A,85,102,530,1,6,4,NA,BB,NA,NA,NA,NA,NA,NA,NA,NA,NA,NA,NA,NA,NA,NA,NA,NA,NA,NA,NA
D361,0,1,125,2015,1044,A,117,54,540,1,6,4,NA,TH,NA,NA,Pom,20,0,10,0,0,0,POM,20,0.49,32,65,0,0,0,0,NA
D361,0,1,138,2015,1015,A,100,40,515,1,6,4,NA,TH,NA,NA,NA,NA,NA,NA,NA,NA,NA,NA,NA,NA,NA,NA,NA,NA,NA,NA,NA
D361,0,1,149,2015,1109,A,70,48,525,1,6,4,NA,TH,NA,NA,NA,NA,NA,NA,NA,NA,NA,NA,NA,NA,NA,NA,NA,NA,NA,NA,NA
D361,0,1,150,2015,1038,A,100,40,540,1,6,4,NA,BB,NA,NA,NA,NA,NA,NA,NA,NA,NA,NA,NA,NA,NA,NA,NA,NA,NA,NA,NA
D361,0,1,160,2015,958,A,100,44,605,1,6,4,NA,TH,NA,NA,NA,NA,NA,NA,NA,NA,NA,NA,NA,NA,NA,NA,NA,NA,NA,NA,NA
D381,1,1,106,2015,1404,A,200,30,570,1,6,4,NA,TH,NA,NA,NA,NA,10,NA,NA,NA,10,NA,NA,NA,NA,NA,NA,NA,NA,NA,NA
D381,0,1,109,2015,1034,A,191,31,580,1,6,4,NA,TH,NA,NA,Prm,3,4,0,0,0,4,PRM,3,0.3,53789,179297,0,0,0,0,NA
D381,0,1,113,2015,1204,A,201,49,605,1,6,4,NA,TH,NA,NA,NA,NA,NA,NA,NA,NA,NA,NA,NA,NA,NA,NA,NA,NA,NA,NA,NA
D381,0,1,120,2015,1228,A,213,47,530,1,6,4,NA,BB,NA,NA,NA,NA,NA,NA,NA,NA,NA,NA,NA,NA,NA,NA,NA,NA,NA,NA,NA
D381,0,1,125,2015,1321,A,195,81,530,1,6,4,NA,TB,NA,NA,Pom,19,1,12,0,0,1,POM,19,0.29,632,2179,2,7,0,0,NA
D381,0,1,137,2015,1024,A,206,30,545,1,6,4,NA,TH,NA,NA,NA,NA,NA,NA,NA,NA,NA,NA,NA,NA,NA,NA,NA,NA,NA,NA,NA
D381,0,1,151,2015,1153,A,180,78,570,1,6,4,NA,TH,NA,NA,NA,NA,NA,NA,NA,NA,NA,NA,NA,NA,NA,NA,NA,NA,NA,NA,NA
D381,0,1,158,2015,952,A,218,34,620,1,6,4,NA,TH,NA,NA,NA,NA,NA,NA,NA,NA,NA,NA,NA,NA,NA,NA,NA,NA,NA,NA,NA
D632,1,2,128,2015,1233,A,161,124,490,2,2,17,2,TH,NA,NA,Post,15,7,10,0,0,7,NA,NA,NA,NA,NA,NA,NA,NA,NA,NA
D632,0,2,129,2015,1143,A,148,121,520,2,2,17,2,TH,NA,NA,NA,NA,NA,NA,NA,NA,NA,GEST,16,0.42,105,250,1,2,0,0,NA
D632,0,2,138,2015,1057,A,142,113,500,2,2,17,2,TH,NA,NA,Gest,22,0,0,0,0,0,NA,NA,NA,NA,NA,NA,NA,NA,NA,NA
D632,0,2,151,2015,1104,A,148,121,490,2,2,17,4,TH,NA,NA,Lac,35,0,0,0,0,0,LAC,35,0.63,2,3,0,0,0,0,NA
D632,0,2,159,2015,948,A,143,126,515,2,2,17,5,TH,NA,NA,Lost,43,0,0,0,0,0,EMB,43,0.5,110,220,0,0,0,0,NA
D642,1,1,106,2015,1424,A,45,20,605,1,3,4,NA,TH,7969,D155,emg,0,1,0,0,1,1,NA,NA,NA,NA,NA,NA,NA,NA,NA,NA
D642,0,1,109,2015,1145,A,18,26,595,1,3,4,NA,TH,7969,D155,Prm,4,25,0,0,0,25,PRM,4,0.6,1734,2890,0,0,0,0,NA
D642,0,1,116,2015,940,A,95,67,560,1,3,4,NA,TB,7969,D155,NA,NA,NA,NA,NA,NA,NA,NA,NA,NA,NA,NA,NA,NA,NA,NA,NA
D642,0,1,125,2015,1101,A,48,21,520,1,3,4,NA,TH,7969,D155,Pom,20,21,2,0,0,21,POM,20,0.44,189,430,0,0,0,0,NA
D642,0,1,139,2015,1032,A,17,13,530,1,3,4,NA,TH,7969,D155,NA,NA,NA,NA,NA,NA,NA,NA,NA,NA,NA,NA,NA,NA,NA,NA,NA
D642,0,1,149,2015,1045,A,45,20,560,1,3,4,NA,BB,7969,D155,NA,NA,5,NA,NA,NA,5,NA,NA,NA,NA,NA,NA,NA,NA,NA,NA
D642,0,1,162,2015,935,A,17,15,620,1,3,4,NA,TH,7969,D155,NA,NA,NA,NA,NA,NA,NA,NA,NA,NA,NA,NA,NA,NA,NA,NA,NA
D646,1,2,116,2015,1232,A,55,62,360,1,3,14,2,TB,7969,D155,Emg,2,5,75,3,0,8,NA,NA,NA,NA,NA,NA,NA,NA,NA,NA
D646,0,2,118,2015,1414,A,75,51,420,1,3,15,2,TH,7969,D155,NA,NA,NA,NA,NA,NA,NA,EMG,4,0.29,0,0,0,0,0,0,NA
D646,0,2,119,2015,1407,A,75,52,390,1,3,16,2,TH,7969,D155,Post,0,8,50,1,0,8,NA,NA,NA,NA,NA,NA,NA,NA,NA,NA
D646,0,2,125,2015,1141,A,54,65,450,1,3,17,2,TH,7969,D155,NA,NA,NA,NA,NA,NA,NA,NA,NA,NA,NA,NA,NA,NA,NA,NA,NA
D646,0,2,126,2015,1039,A,49,71,460,1,3,17,2,TB,7969,D155,Gest,7,0,15,0,0,0,GEST,7,0.46,804,1748,0,0,0,0,NA
D646,0,2,139,2015,1219,A,51,71,490,1,3,17,3,TH,7969,D155,Gest,20,3,0,0,0,3,NA,NA,NA,NA,NA,NA,NA,NA,NA,NA
D646,0,2,149,2015,1104,A,57,60,430,1,3,17,4,TH,7969,D155,NA,NA,NA,NA,NA,NA,NA,NA,NA,NA,NA,NA,NA,NA,NA,NA,NA
D646,0,2,162,2015,1020,A,54,59,440,1,3,17,4,TH,7969,D155,Lac,43,0,0,0,0,0,LAC,43,0.56,88,157,0,0,0,0,NA
D646,0,2,169,2015,1700,A,58,63,450,1,3,17,4,TB,7969,D155,Emb,0,0,0,6,0,6,EMB,0,0.56,11,20,0,0,0,0,NA
D648,1,2,128,2015,1209,A,101,43,410,1,3,17,2,BB,7818,C956,Post,4,0,30,0,0,0,GEST,4,0.55,2904,5280,1,2,0,0,NA
D648,0,2,130,2015,1115,A,70,48,470,1,3,17,2,TH,7818,C956,NA,NA,NA,NA,NA,NA,NA,GEST,6,0.35,304,869,10,29,0,0,NA
D648,0,2,139,2015,1053,A,74,53,495,1,3,17,2,TB,7818,C956,Gest,15,2,7,0,0,2,NA,NA,NA,NA,NA,NA,NA,NA,NA,NA
D648,0,2,149,2015,1120,A,42,59,530,1,3,17,3,BB,7818,C956,NA,NA,NA,NA,NA,NA,NA,NA,NA,NA,NA,NA,NA,NA,NA,NA,NA
D648,0,2,162,2015,1045,A,55,50,450,1,3,17,4,TH,7818,C956,Lac,38,0,0,0,0,0,LAC,38,0.58,36,62,0,0,0,0,NA
D648,0,2,165,2015,1020,A,70,49,460,1,3,17,4,TB,7818,C956,NA,NA,NA,NA,NA,NA,NA,NA,NA,NA,NA,NA,NA,NA,NA,NA,NA
D648,0,2,176,2015,1245,A,68,58,460,1,3,17,4,TB,7818,C956,Emb,0,0,0,0,0,0,EMB,0,0.52,72,138,0,0,0,0,NA
D651,1,2,113,2015,1109,A,156,98,410,1,3,13,2,TB,D065,D361,Emg,0,0,25,0,0,0,EMG,0,0.42,1335,3179,0,0,3,7,NA
D651,0,2,115,2015,1030,A,124,53,445,1,3,14,2,TB,D065,D361,NA,NA,NA,NA,NA,NA,NA,NA,NA,NA,NA,NA,NA,NA,NA,NA,NA
D651,0,2,116,2015,1251,A,127,85,430,1,3,16,2,TB,D065,D361,NA,NA,NA,NA,NA,NA,NA,NA,NA,NA,NA,NA,NA,NA,NA,NA,NA
D651,0,2,117,2015,1055,A,118,84,400,1,3,17,2,TH,D065,D361,Post,1,3,50,35,0,38,NA,NA,NA,NA,NA,NA,NA,NA,NA,NA
D651,0,2,123,2015,934,A,128,84,520,1,3,17,2,BB,D065,D361,NA,NA,NA,NA,NA,NA,NA,GEST,7,0.45,2025,4500,0,0,0,0,NA
D651,0,2,125,2015,1042,A,121,50,540,1,3,17,2,TB,D065,D361,NA,NA,NA,NA,NA,NA,NA,NA,NA,NA,NA,NA,NA,NA,NA,NA,NA
D651,0,2,128,2015,1225,A,129,65,510,1,3,17,2,TB,D065,D361,Gest,12,5,0,0,0,5,NA,NA,NA,NA,NA,NA,NA,NA,NA,NA
D651,0,2,150,2015,1110,A,117,83,440,1,3,17,4,BB,D065,D361,Lac,34,1,0,0,0,1,LAC,34,0.54,3,6,0,0,0,0,NA
D651,0,2,159,2015,1018,A,133,81,450,1,3,17,4,TH,D065,D361,NA,NA,NA,NA,NA,NA,NA,NA,NA,NA,NA,NA,NA,NA,NA,NA,NA
D651,0,2,166,2015,1522,A,122,79,440,1,3,17,4,TB,D065,D361,Emb,0,0,0,1,0,1,EMB,0,0.6,144,240,0,0,0,0,NA
D663,1,2,113,2015,1028,A,157,50,405,1,3,13,2,TH,D121,D381,Emg,1,0,26,1,0,1,EMG,1,0.61,72,118,0,0,4,7,NA
D663,0,2,114,2015,1427,A,185,43,425,1,3,14,2,TB,D121,D381,NA,NA,NA,NA,NA,NA,NA,NA,NA,NA,NA,NA,NA,NA,NA,NA,NA
D663,0,2,115,2015,1251,A,206,52,410,1,3,15,2,TB,D121,D381,NA,NA,NA,NA,NA,NA,NA,NA,NA,NA,NA,NA,NA,NA,NA,NA,NA
D663,0,2,116,2015,1157,A,204,31,405,1,3,15,2,TH,D121,D381,NA,NA,NA,NA,NA,NA,NA,NA,NA,NA,NA,NA,NA,NA,NA,NA,NA
D663,0,2,117,2015,1601,A,185,71,410,1,3,16,2,TH,D121,D381,NA,NA,NA,NA,NA,NA,NA,NA,NA,NA,NA,NA,NA,NA,NA,NA,NA
D663,0,2,118,2015,1328,A,196,30,440,1,3,17,2,TH,D121,D381,Post,1,17,25,35,0,52,NA,NA,NA,NA,NA,NA,NA,NA,NA,NA
D663,0,2,127,2015,1441,A,186,47,520,1,3,17,2,TB,D121,D381,NA,NA,NA,NA,NA,NA,NA,GEST,10,0.3,88,293,0,0,0,0,NA
D663,0,2,128,2015,1139,A,155,51,490,1,3,17,2,TH,D121,D381,Lac,22,14,0,0,0,14,NA,NA,NA,NA,NA,NA,NA,NA,NA,NA
D663,0,2,135,2015,1024,A,93,47,520,1,3,17,2,BB,D121,D381,NA,NA,NA,NA,NA,NA,NA,NA,NA,NA,NA,NA,NA,NA,NA,NA,NA
D663,0,2,152,2015,1132,A,191,47,505,1,3,17,5,TH,D121,D381,Lost,38,0,0,0,0,0,LOST,35,0.51,0,0,0,0,0,0,NA
D671,1,2,112,2015,1152,A,210,80,480,1,3,13,2,TB,D144,C290,Emg,0,1,0,0,0,1,EMG,0,0.54,4656,8622,0,0,4,7,NA
D671,0,2,113,2015,1050,A,200,120,490,1,3,13,2,TH,D144,C290,NA,NA,NA,NA,NA,NA,NA,NA,NA,NA,NA,NA,NA,NA,NA,NA,NA
D671,0,2,114,2015,1109,A,169,88,480,1,3,15,2,TB,D144,C290,NA,NA,NA,NA,NA,NA,NA,NA,NA,NA,NA,NA,NA,NA,NA,NA,NA
D671,0,2,115,2015,1257,A,173,84,490,1,3,15,2,TB,D144,C290,NA,NA,NA,NA,NA,NA,NA,NA,NA,NA,NA,NA,NA,NA,NA,NA,NA
D671,0,2,116,2015,1129,A,184,92,480,1,3,16,2,TB,D144,C290,NA,NA,NA,NA,NA,NA,NA,NA,NA,NA,NA,NA,NA,NA,NA,NA,NA
D671,0,2,117,2015,1120,A,200,115,490,1,3,17,2,TH,D144,C290,Post,1,0,12,0,0,0,NA,NA,NA,NA,NA,NA,NA,NA,NA,NA
D671,0,2,124,2015,1532,A,177,110,560,1,3,17,2,TB,D144,C290,NA,NA,NA,NA,NA,NA,NA,GEST,8,0.48,804,1675,0,0,0,0,NA
D671,0,2,125,2015,1249,A,194,112,520,1,3,17,2,BB,D144,C290,NA,NA,NA,NA,NA,NA,NA,NA,NA,NA,NA,NA,NA,NA,NA,NA,NA
D671,0,2,128,2015,1113,A,200,120,530,1,3,17,2,TB,D144,C290,Gest,12,1,12,0,0,1,NA,NA,NA,NA,NA,NA,NA,NA,NA,NA
D671,0,2,137,2015,1118,A,206,112,570,1,3,17,3,TH,D144,C290,NA,NA,NA,NA,NA,NA,NA,NA,NA,NA,NA,NA,NA,NA,NA,NA,NA
D671,0,2,152,2015,1154,A,201,124,540,1,3,17,4,TH,D144,C290,Lac,36,2,0,0,0,2,LAC,36,0.59,0,0,0,0,0,0,NA
D671,0,2,158,2015,1029,A,206,121,520,1,3,17,4,TH,D144,C290,NA,NA,NA,NA,NA,NA,NA,NA,NA,NA,NA,NA,NA,NA,NA,NA,NA
D671,0,2,168,2015,1733,A,207,121,555,1,3,17,4,TH,D144,C290,Emb,0,1,0,0,0,1,EMB,0,0.58,0,0,0,0,0,0,NA
D694,1,1,109,2015,1209,A,213,76,585,1,3,4,NA,TH,D113,A567,Prm,1,5,0,0,0,5,PRM,1,0.4,6142,15354,3,8,0,0,NA
D694,0,1,113,2015,1057,A,196,117,590,1,3,4,NA,TH,D113,A567,NA,NA,NA,NA,NA,NA,NA,NA,NA,NA,NA,NA,NA,NA,NA,NA,NA
D694,0,1,117,2015,1124,A,209,121,540,1,3,4,NA,TB,D113,A567,NA,NA,NA,NA,NA,NA,NA,NA,NA,NA,NA,NA,NA,NA,NA,NA,NA
D694,0,1,125,2015,1258,A,195,114,530,1,3,4,NA,BB,D113,A567,Pom,17,1,15,1,0,2,POM,17,0.47,2268,4826,0,0,0,0,NA
D694,0,1,137,2015,1104,A,179,79,535,1,3,4,NA,TH,D113,A567,NA,NA,NA,NA,NA,NA,NA,NA,NA,NA,NA,NA,NA,NA,NA,NA,NA
D694,0,1,152,2015,1142,A,195,78,575,1,3,4,NA,TH,D113,A567,NA,NA,NA,NA,NA,NA,NA,NA,NA,NA,NA,NA,NA,NA,NA,NA,NA
D700,1,2,116,2015,1247,A,73,108,370,1,3,13,2,TH,D131,D352,Emg,0,12,13,0,1,13,EMG,0,0.16,751542,4697138,0,0,0,0,NA
D700,0,2,117,2015,1050,A,80,102,380,1,3,14,2,TB,D131,D352,NA,NA,NA,NA,NA,NA,NA,NA,NA,NA,NA,NA,NA,NA,NA,NA,NA
D700,0,2,118,2015,1056,A,77,107,390,1,3,13,2,TH,D131,D352,NA,NA,NA,NA,NA,NA,NA,NA,NA,NA,NA,NA,NA,NA,NA,NA,NA
D700,0,2,119,2015,1414,A,46,73,400,1,3,16,2,TH,D131,D352,Post,0,1,22,0,0,1,NA,NA,NA,NA,NA,NA,NA,NA,NA,NA
D700,0,2,125,2015,1201,A,87,104,460,1,3,17,2,BB,D131,D352,NA,NA,NA,NA,NA,NA,NA,NA,NA,NA,NA,NA,NA,NA,NA,NA,NA
D700,0,2,126,2015,1240,A,74,91,490,1,3,17,2,BB,D131,D352,Gest,7,0,4,0,0,0,GEST,7,0.41,53,129,1,2,0,0,NA
D700,0,2,139,2015,1135,A,81,99,465,1,3,17,3,TB,D131,D352,NA,NA,1,NA,NA,NA,1,NA,NA,NA,NA,NA,NA,NA,NA,NA,NA
D700,0,2,149,2015,1210,A,94,99,450,1,3,17,4,TH,D131,D352,NA,NA,NA,NA,NA,NA,NA,NA,NA,NA,NA,NA,NA,NA,NA,NA,NA
D700,0,2,160,2015,1040,A,102,103,450,1,3,17,4,TH,D131,D352,Lac,41,0,0,0,0,0,LAC,41,0.56,648,1157,0,0,0,0,NA
D700,0,2,169,2015,1343,A,88,102,435,1,3,17,4,TB,D131,D352,Emb,1,1,0,0,0,1,EMB,1,0.58,1323,2281,0,0,0,0,NA
D701,1,2,113,2015,1025,A,153,95,450,1,2,14,2,TB,D360,C290,Emg,1,2,0,0,0,2,EMG,1,0.41,2,5,0,0,0,0,NA
D701,0,2,114,2015,1052,A,156,105,455,1,2,15,2,TB,D360,C290,NA,NA,NA,NA,NA,NA,NA,NA,NA,NA,NA,NA,NA,NA,NA,NA,NA
D701,0,2,115,2015,1119,A,152,91,440,1,2,15,2,TB,D360,C290,NA,NA,NA,NA,NA,NA,NA,NA,NA,NA,NA,NA,NA,NA,NA,NA,NA
D701,0,2,117,2015,1107,A,156,96,440,1,2,17,2,TH,D360,C290,Post,1,0,15,0,0,0,NA,NA,NA,NA,NA,NA,NA,NA,NA,NA
D701,0,2,124,2015,1631,A,148,105,460,1,2,17,2,BB,D360,C290,NA,NA,NA,NA,NA,NA,NA,GEST,8,0.37,15024,40605,0,0,0,0,NA
D701,0,2,125,2015,1226,A,158,104,480,1,2,17,2,BB,D360,C290,NA,NA,NA,NA,NA,NA,NA,NA,NA,NA,NA,NA,NA,NA,NA,NA,NA
D701,0,2,128,2015,1057,A,155,91,510,1,2,17,2,TH,D360,C290,Gest,12,0,20,0,1,1,NA,NA,NA,NA,NA,NA,NA,NA,NA,NA
D701,0,2,138,2015,1048,A,154,90,510,1,2,17,2,TB,D360,C290,NA,NA,NA,NA,NA,NA,NA,NA,NA,NA,NA,NA,NA,NA,NA,NA,NA
D701,0,2,151,2015,1050,A,150,92,490,1,2,17,5,TH,D360,C290,Lost,35,1,0,0,0,1,LOST,35,0.62,1152,1858,5,8,0,0,NA
D701,0,2,159,2015,1004,A,156,94,520,1,2,17,5,TH,D360,C290,NA,NA,NA,NA,NA,NA,NA,NA,NA,NA,NA,NA,NA,NA,NA,NA,NA
D704,1,2,115,2015,1326,A,50,60,385,1,2,13,2,TB,D190,D361,Emg,0,7,27,2,0,9,EMG,0,0.36,794,2206,0,0,5,14,NA
D704,0,2,116,2015,1227,A,37,77,400,1,2,14,2,TH,D190,D361,NA,NA,NA,NA,NA,NA,NA,NA,NA,NA,NA,NA,NA,NA,NA,NA,NA
D704,0,2,117,2015,1209,A,33,11,410,1,2,15,2,TB,D190,D361,NA,NA,NA,NA,NA,NA,NA,NA,NA,NA,NA,NA,NA,NA,NA,NA,NA
D704,0,2,118,2015,1032,A,49,72,410,1,2,16,2,TH,D190,D361,Post,0,2,50,0,0,2,NA,NA,NA,NA,NA,NA,NA,NA,NA,NA
D704,0,2,124,2015,1000,A,47,82,460,1,2,17,2,BB,D190,D361,NA,NA,NA,NA,NA,NA,NA,GEST,6,0.44,1572,3573,0,0,0,0,NA
D704,0,2,125,2015,1144,A,42,79,450,1,2,17,2,TB,D190,D361,NA,NA,NA,NA,NA,NA,NA,NA,NA,NA,NA,NA,NA,NA,NA,NA,NA
D704,0,2,128,2015,1044,A,46,79,475,1,2,17,2,TB,D190,D361,Gest,10,0,12,0,0,0,NA,NA,NA,NA,NA,NA,NA,NA,NA,NA
D704,0,2,139,2015,1205,A,46,93,525,1,2,17,3,TH,D190,D361,NA,NA,NA,NA,NA,NA,NA,NA,NA,NA,NA,NA,NA,NA,NA,NA,NA
D704,0,2,149,2015,1128,A,48,80,470,1,2,17,4,BB,D190,D361,Lac,31,1,0,1,0,2,LAC,31,0.57,3690,6474,0,0,2,4,NA
D704,0,2,165,2015,1015,A,44,85,475,1,2,17,4,TH,D190,D361,Lac,47,0,0,0,0,0,NA,NA,NA,NA,NA,NA,NA,NA,NA,NA
D704,0,2,169,2015,1527,A,47,89,470,1,2,17,4,TB,D190,D361,Emb,0,14,0,0,0,14,EMB,0,0.56,336,600,0,0,0,0,NA
D708,1,2,123,2015,1142,A,196,84,350,1,2,13,2,BB,D195,D381,Emg,2,2,20,6,0,8,EMG,2,0.37,468,1265,0,0,0,0,NA
D708,0,2,124,2015,1512,A,201,85,365,1,2,13,2,TB,D195,D381,Emg,3,2,45,0,0,2,EMG,3,0.24,0,0,0,0,0,0,NA
D708,0,2,125,2015,1316,A,184,78,350,1,2,13,2,BB,D195,D381,NA,NA,NA,NA,NA,NA,NA,NA,NA,NA,NA,NA,NA,NA,NA,NA,NA
D708,0,2,126,2015,1115,A,203,76,365,1,2,15,2,TB,D195,D381,NA,NA,NA,NA,NA,NA,NA,NA,NA,NA,NA,NA,NA,NA,NA,NA,NA
D708,0,2,127,2015,1118,A,206,71,380,1,2,15,2,BB,D195,D381,NA,NA,NA,NA,NA,NA,NA,NA,NA,NA,NA,NA,NA,NA,NA,NA,NA
D708,0,2,127,2015,1533,A,207,75,380,1,2,16,2,TB,D195,D381,Post,0,0,50,3,0,3,NA,NA,NA,NA,NA,NA,NA,NA,NA,NA
D708,0,2,128,2015,1123,A,206,70,395,1,2,17,2,TH,D195,D381,NA,NA,NA,NA,NA,NA,NA,NA,NA,NA,NA,NA,NA,NA,NA,NA,NA
D708,0,2,135,2015,1141,A,212,78,460,1,2,17,2,BB,D195,D381,NA,NA,NA,NA,NA,NA,NA,LOST,7,0.5,956,1912,0,0,0,0,NA
D708,0,2,137,2015,1057,A,215,82,430,1,2,17,2,BB,D195,D381,Lost,10,12,20,0,0,12,NA,NA,NA,NA,NA,NA,NA,NA,NA,NA
D708,0,2,151,2015,1210,A,184,71,485,1,2,17,2,TH,D195,D381,NA,NA,10,NA,NA,NA,10,LOST,24,0.66,12912,19564,0,0,0,0,NA
D708,0,2,159,2015,928,A,182,70,500,1,2,17,2,TH,D195,D381,NA,NA,NA,NA,NA,NA,NA,NA,NA,NA,NA,NA,NA,NA,NA,NA,NA
D709,1,1,125,2015,1250,A,193,120,450,1,2,3,NA,TH,D316,C290,Mem,5,0,25,0,0,0,MEM,5,0.43,0,0,0,0,0,0,TW
E213,1,2,113,2015,1109,A,150,77,445,1,3,14,2,TH,D195,NA,Emg,0,0,75,0,0,0,EMG,0,0.29,1236,4262,0,0,0,0,NA
E213,0,2,114,2015,1117,A,216,76,460,1,3,14,2,TB,D195,NA,NA,NA,NA,NA,NA,NA,NA,NA,NA,NA,NA,NA,NA,NA,NA,NA,NA
E213,0,2,115,2015,1103,A,174,84,470,1,3,14,2,TB,D195,NA,NA,NA,NA,NA,NA,NA,NA,NA,NA,NA,NA,NA,NA,NA,NA,NA,NA
E213,0,2,116,2015,1300,A,185,91,460,1,3,16,2,TH,D195,NA,Post,0,9,0,0,0,9,NA,NA,NA,NA,NA,NA,NA,NA,NA,NA
E213,0,2,123,2015,1030,A,198,72,530,1,3,17,2,BB,D195,NA,NA,NA,NA,NA,NA,NA,NA,GEST,7,0.39,7440,19077,0,0,0,0,NA
E213,0,2,125,2015,1311,A,192,83,530,1,3,17,2,TB,D195,NA,NA,NA,NA,NA,NA,NA,NA,NA,NA,NA,NA,NA,NA,NA,NA,NA,NA
E213,0,2,127,2015,1143,A,176,86,540,1,3,17,2,BB,D195,NA,Gest,11,0,40,0,0,0,NA,NA,NA,NA,NA,NA,NA,NA,NA,NA
E213,0,2,137,2015,1114,A,194,96,570,1,3,17,3,BB,D195,NA,NA,NA,NA,NA,NA,NA,NA,NA,NA,NA,NA,NA,NA,NA,NA,NA,NA
E213,0,2,151,2015,1145,A,178,78,500,1,3,17,4,TH,D195,NA,Lac,35,0,0,0,0,0,LAC,35,0.51,0,0,2,4,0,0,NA
E213,0,2,168,2015,1732,A,184,95,500,1,3,17,4,TB,D195,NA,Emb,0,0,0,0,0,0,EMB,0,0.6,3,5,0,0,0,0,NA
E219,1,2,109,2015,1537,A,90,10,380,1,3,13,2,TH,D129,D370,Emg,1,2,0,0,0,2,EMG,1,0.1,409,4085,0,0,1159,11590,NA
E219,0,2,111,2015,1329,A,92,10,415,1,3,14,2,TB,D129,D370,NA,NA,NA,NA,NA,NA,NA,NA,NA,NA,NA,NA,NA,NA,NA,NA,NA
E219,0,2,112,2015,1148,A,117,42,400,1,3,13,2,TH,D129,D370,NA,NA,NA,NA,NA,NA,NA,NA,NA,NA,NA,NA,NA,NA,NA,NA,NA
E219,0,2,113,2015,1253,A,115,53,410,1,3,16,2,TH,D129,D370,NA,NA,NA,NA,NA,NA,NA,NA,NA,NA,NA,NA,NA,NA,NA,NA,NA
E219,0,2,114,2015,1227,A,121,50,390,1,3,17,2,TB,D129,D370,Post,1,0,15,1,0,1,NA,NA,NA,NA,NA,NA,NA,NA,NA,NA
E219,0,2,120,2015,1117,A,100,28,460,1,3,17,2,BB,D129,D370,NA,NA,NA,NA,NA,NA,NA,GEST,7,0.21,492,2343,0,0,0,0,NA
E219,0,2,125,2015,1058,A,87,42,465,1,3,17,2,TB,D129,D370,NA,NA,NA,NA,NA,NA,NA,NA,NA,NA,NA,NA,NA,NA,NA,NA,NA
E219,0,2,128,2015,1643,A,100,50,485,1,3,17,2,TB,D129,D370,Gest,14,0,12,2,0,2,NA,NA,NA,NA,NA,NA,NA,NA,NA,NA
E219,0,2,138,2015,1003,A,100,50,450,1,3,17,3,TB,D129,D370,NA,NA,NA,NA,NA,NA,NA,NA,NA,NA,NA,NA,NA,NA,NA,NA,NA
E219,0,2,150,2015,1044,A,95,51,430,1,3,17,4,BB,D129,D370,Lac,37,1,0,0,0,1,LAC,37,0.64,4200,6563,0,0,0,0,NA
E219,0,2,160,2015,1001,A,93,45,440,1,3,17,4,TH,D129,D370,NA,NA,NA,NA,NA,NA,NA,NA,NA,NA,NA,NA,NA,NA,NA,NA,NA
E219,0,2,164,2015,1235,A,94,45,435,1,3,17,4,TH,D129,D370,Emb,0,2,0,1,0,3,EMB,0,0.58,150,259,0,0,208,359,NA
E222,1,2,114,2015,1249,A,103,72,400,1,3,14,2,TB,C848,D370,Emg,3,5,85,0,0,5,EMG,3,0.33,11,33,0,0,0,0,NA
E222,0,2,115,2015,1346,A,99,64,425,1,3,14,2,TB,C848,D370,NA,NA,NA,NA,NA,NA,NA,NA,NA,NA,NA,NA,NA,NA,NA,NA,NA
E222,0,2,116,2015,940,A,103,69,415,1,3,16,2,TH,C848,D370,Post,0,3,0,0,0,3,NA,NA,NA,NA,NA,NA,NA,NA,NA,NA
E222,0,2,123,2015,1001,A,92,62,470,1,3,17,2,BB,C848,D370,NA,NA,NA,NA,NA,NA,NA,GEST,7,0.53,2832,5343,0,0,0,0,NA
E222,0,2,127,2015,1220,A,96,70,480,1,3,17,2,BB,C848,D370,Gest,11,0,20,0,0,0,NA,NA,NA,NA,NA,NA,NA,NA,NA,NA
E222,0,2,139,2015,1107,A,81,57,465,1,3,17,3,TB,C848,D370,NA,NA,NA,NA,NA,NA,NA,NA,NA,NA,NA,NA,NA,NA,NA,NA,NA
E222,0,2,149,2015,1112,A,81,58,420,1,3,17,4,TH,C848,D370,Lac,33,0,0,0,0,0,LAC,33,0.61,54,89,0,0,0,0,NA
E222,0,2,160,2015,1014,A,88,55,445,1,3,17,4,TH,C848,D370,NA,NA,NA,NA,NA,NA,NA,NA,NA,NA,NA,NA,NA,NA,NA,NA,NA
E222,0,2,165,2015,1417,A,83,49,420,1,3,17,4,TH,C848,D370,Emb,0,1,0,0,0,0,EMB,0,0.46,4,9,0,0,0,0,NA
E234,1,2,117,2015,1106,A,163,112,390,1,2,13,2,TB,D142,D026,Emg,1,12,90,0,0,12,NA,NA,NA,NA,NA,NA,NA,NA,NA,NA
E234,0,2,119,2015,1129,A,133,111,400,1,2,14,2,TH,D142,D026,NA,NA,NA,NA,NA,NA,NA,EMG,3,0.39,0,0,0,0,0,0,NA
E234,0,2,120,2015,1205,A,166,124,370,1,2,16,2,BB,D142,D026,NA,NA,NA,NA,NA,NA,NA,NA,NA,NA,NA,NA,NA,NA,NA,NA,NA
E234,0,2,121,2015,1036,A,164,113,430,1,2,17,2,TH,D142,D026,Post,1,2,60,0,0,2,NA,NA,NA,NA,NA,NA,NA,NA,NA,NA
E234,0,2,125,2015,1232,A,156,96,450,1,2,17,2,TB,D142,D026,NA,NA,NA,NA,NA,NA,NA,NA,NA,NA,NA,NA,NA,NA,NA,NA,NA
E234,0,2,128,2015,1114,A,168,116,460,1,2,17,2,BB,D142,D026,NA,NA,NA,NA,NA,NA,NA,GEST,8,0.48,6888,14350,0,0,0,0,NA
E234,0,2,137,2015,1110,A,177,106,455,1,2,17,3,TB,D142,D026,Gest,17,7,0,0,0,7,NA,NA,NA,NA,NA,NA,NA,NA,NA,NA
E234,0,2,152,2015,1200,A,187,122,470,1,2,17,4,TH,D142,D026,NA,NA,1,NA,NA,NA,1,NA,NA,NA,NA,NA,NA,NA,NA,NA,NA
E234,0,2,158,2015,1033,A,186,123,460,1,2,17,4,TH,D142,D026,Lac,38,0,0,0,0,0,LAC,38,0.6,144,240,0,0,0,0,NA
E234,0,2,171,2015,1100,A,146,120,475,1,2,17,4,TH,D142,D026,Emb,0,0,0,0,0,0,EMB,0,0.58,135,233,0,0,0,0,NA
E236,1,2,111,2015,1513,A,125,50,360,1,2,12,2,TH,D141,D370,Emg,1,6,0,0,0,6,EMG,1,0.3,609,2030,0,0,0,0,NA
E236,0,2,113,2015,1003,A,141,29,360,1,2,12,2,TH,D141,D370,NA,NA,NA,NA,NA,NA,NA,NA,NA,NA,NA,NA,NA,NA,NA,NA,NA
E236,0,2,116,2015,1206,A,113,50,385,1,2,17,2,TH,D141,D370,Post,1,0,0,0,0,0,NA,NA,NA,NA,NA,NA,NA,NA,NA,NA
E236,0,2,122,2015,931,A,129,44,465,1,2,17,2,TH,D141,D370,NA,NA,NA,NA,NA,NA,NA,GEST,7,0.3,676,2253,0,0,0,0,NA
E236,0,2,125,2015,1038,A,125,18,480,1,2,17,2,TB,D141,D370,NA,NA,NA,NA,NA,NA,NA,NA,NA,NA,NA,NA,NA,NA,NA,NA,NA
E236,0,2,127,2015,1604,A,116,46,530,1,2,17,2,BB,D141,D370,Gest,12,3,25,0,0,3,NA,NA,NA,NA,NA,NA,NA,NA,NA,NA
E236,0,2,138,2015,949,A,124,34,510,1,2,17,2,TH,D141,D370,NA,NA,NA,NA,NA,NA,NA,NA,NA,NA,NA,NA,NA,NA,NA,NA,NA
E236,0,2,150,2015,1004,A,125,20,450,1,2,17,3,BB,D141,D370,Lac,35,0,0,0,0,0,LAC,35,0.6,474,790,0,0,0,0,NA
E236,0,2,159,2015,903,A,150,25,420,1,2,17,4,TH,D141,D370,NA,NA,NA,NA,NA,NA,NA,NA,NA,NA,NA,NA,NA,NA,NA,NA,NA
E236,0,2,174,2015,1715,A,126,23,475,1,2,17,4,TH,D141,D370,Emb,7,0,0,0,0,0,EMB,7,0.6,2,3,0,0,0,0,NA
E241,1,1,125,2015,1033,A,118,125,420,1,2,3,NA,BB,D330,D370,Mem,4,1,25,4,0,5,MEM,4,0.37,0,0,0,0,0,0,NA
E241,0,1,138,2015,943,A,145,27,450,1,2,3,NA,TH,D330,D370,NA,NA,NA,NA,NA,NA,NA,NA,NA,NA,NA,NA,NA,NA,NA,NA,NA
E241,0,1,150,2015,1003,A,140,30,495,1,2,3,NA,TH,D330,D370,NA,NA,NA,NA,NA,NA,NA,NA,NA,NA,NA,NA,NA,NA,NA,NA,NA
E241,0,1,159,2015,911,A,151,37,540,1,2,3,NA,TH,D330,D370,NA,NA,NA,NA,NA,NA,NA,NA,NA,NA,NA,NA,NA,NA,NA,NA,NA
E242,1,2,107,2015,1222,A,140,28,375,1,2,13,2,TH,D330,D370,Emg,1,5,0,0,0,5,NA,NA,NA,NA,NA,NA,NA,NA,NA,NA
E242,0,2,108,2015,1446,A,145,27,380,1,2,13,2,TH,D330,D370,NA,NA,NA,NA,NA,NA,NA,NA,NA,NA,NA,NA,NA,NA,NA,NA,NA
E242,0,2,109,2015,942,A,158,26,370,1,2,13,2,TH,D330,D370,NA,NA,NA,NA,NA,NA,NA,NA,NA,NA,NA,NA,NA,NA,NA,NA,NA
E242,0,2,111,2015,1350,A,154,22,430,1,2,15,2,TB,D330,D370,NA,NA,NA,NA,NA,NA,NA,NA,NA,NA,NA,NA,NA,NA,NA,NA,NA
E242,0,2,112,2015,1002,A,132,22,440,1,2,15,2,TH,D330,D370,NA,NA,NA,NA,NA,NA,NA,PRE,-3,0.4,8676,21690,0,0,0,0,NA
E242,0,2,113,2015,1009,A,135,26,440,1,2,15,2,TH,D330,D370,NA,NA,NA,NA,NA,NA,NA,NA,NA,NA,NA,NA,NA,NA,NA,NA,NA
E242,0,2,114,2015,1140,A,129,25,420,1,2,16,2,TB,D330,D370,Post,0,0,20,0,0,0,NA,NA,NA,NA,NA,NA,NA,NA,NA,NA
E242,0,2,117,2015,1457,A,159,14,470,1,2,17,2,TH,D330,D370,NA,NA,NA,NA,NA,NA,NA,GEST,3,0.28,2166,7736,0,0,0,0,NA
E242,0,2,125,2015,1351,A,139,18,450,1,2,17,2,TH,D330,D370,NA,NA,NA,NA,NA,NA,NA,NA,NA,NA,NA,NA,NA,NA,NA,NA,NA
E242,0,2,127,2015,1035,A,59,24,495,1,2,17,2,TB,D330,D370,Gest,13,2,14,0,0,2,NA,NA,NA,NA,NA,NA,NA,NA,NA,NA
E242,0,2,151,2015,1008,A,169,26,470,1,2,17,4,TH,D330,D370,Lac,37,0,0,0,0,0,LAC,37,0.52,284,546,0,0,0,0,NA
E242,0,2,159,2015,906,A,156,25,500,1,2,17,4,TH,D330,D370,NA,NA,NA,NA,NA,NA,NA,NA,NA,NA,NA,NA,NA,NA,NA,NA,NA
E242,0,2,164,2015,1100,A,165,22,450,1,2,17,4,TH,D330,D370,Emb,0,1,0,0,0,1,EMB,0,0.4,222,555,0,0,0,0,NA
E244,1,2,116,2015,1608,A,35,75,470,1,2,13,2,TH,D336,C956,Emg,2,5,26,0,0,5,EMG,2,0.38,12576,33095,0,0,0,0,NA
E244,0,2,117,2015,1033,A,45,71,450,1,2,14,2,TB,D336,C956,NA,NA,NA,NA,NA,NA,NA,NA,NA,NA,NA,NA,NA,NA,NA,NA,NA
E244,0,2,118,2015,1042,A,35,82,490,1,2,14,2,TH,D336,C956,NA,NA,NA,NA,NA,NA,NA,NA,NA,NA,NA,NA,NA,NA,NA,NA,NA
E244,0,2,120,2015,1130,A,38,77,485,1,2,17,2,BB,D336,C956,Post,1,3,20,0,0,3,NA,NA,NA,NA,NA,NA,NA,NA,NA,NA
E244,0,2,126,2015,1112,A,37,82,530,1,2,17,2,BB,D336,C956,Gest,7,1,0,6,0,7,GEST,7,0.6,1320,2200,0,0,0,0,NA
E244,0,2,139,2015,1025,A,20,15,540,1,2,17,2,TB,D336,C956,Gest,20,3,10,0,0,3,NA,NA,NA,NA,NA,NA,NA,NA,NA,NA
E244,0,2,149,2015,1040,A,38,22,500,1,2,17,4,BB,D336,C956,NA,NA,NA,NA,NA,NA,NA,NA,NA,NA,NA,NA,NA,NA,NA,NA,NA
E245,1,2,112,2015,1146,A,45,10,370,1,2,14,2,TB,D074,D370,Emg,1,7,0,0,0,7,EMG,1,0.14,0,0,0,0,0,0,NA
E245,0,2,113,2015,1350,A,98,64,340,1,2,14,2,TB,D074,D370,NA,NA,NA,NA,NA,NA,NA,NA,NA,NA,NA,NA,NA,NA,NA,NA,NA
E245,0,2,116,2015,1101,A,99,69,370,1,2,17,2,TB,D074,D370,Post,1,2,0,0,0,2,NA,NA,NA,NA,NA,NA,NA,NA,NA,NA
E245,0,2,121,2015,935,A,4,10,430,1,2,17,2,BB,D074,D370,NA,NA,NA,NA,NA,NA,NA,GEST,6,0.28,1552,5543,1,4,0,0,NA
E245,0,2,125,2015,1106,A,21,11,430,1,2,17,2,TB,D074,D370,NA,NA,NA,NA,NA,NA,NA,NA,NA,NA,NA,NA,NA,NA,NA,NA,NA
E245,0,2,128,2015,1409,A,50,11,440,1,2,17,2,TB,D074,D370,Gest,13,0,23,0,0,0,NA,NA,NA,NA,NA,NA,NA,NA,NA,NA
E245,0,2,139,2015,1234,A,46,15,410,1,2,17,2,TH,D074,D370,NA,NA,NA,NA,NA,NA,NA,NA,NA,NA,NA,NA,NA,NA,NA,NA,NA
E245,0,2,149,2015,1016,A,48,22,410,1,2,17,4,BB,D074,D370,Lac,37,1,0,0,0,1,LAC,34,0.66,2100,3182,0,0,2,3,NA
E245,0,2,162,2015,918,A,55,15,440,1,2,17,4,TH,D074,D370,NA,NA,NA,NA,NA,NA,NA,NA,NA,NA,NA,NA,NA,NA,NA,NA,NA
E245,0,2,165,2015,1630,A,45,15,430,1,2,17,4,TH,D074,D370,Emb,-1,0,0,1,0,1,EMB,-1,0.36,0,0,0,0,0,0,NA
E246,1,2,111,2015,1457,A,103,46,300,1,2,13,2,TB,D074,D370,Emg,0,0,0,0,0,0,EMG,0,0.1,2,20,1,10,0,0,NA
E246,0,2,112,2015,1157,A,101,40,400,1,2,14,2,TH,D074,D370,NA,NA,NA,NA,NA,NA,NA,NA,NA,NA,NA,NA,NA,NA,NA,NA,NA
E246,0,2,113,2015,1622,A,94,65,410,1,2,15,2,TB,D074,D370,NA,NA,NA,NA,NA,NA,NA,NA,NA,NA,NA,NA,NA,NA,NA,NA,NA
E246,0,2,114,2015,1224,A,109,49,400,1,2,16,2,TB,D074,D370,NA,NA,NA,NA,NA,NA,NA,NA,NA,NA,NA,NA,NA,NA,NA,NA,NA
E246,0,2,115,2015,1200,A,95,64,405,1,2,17,2,TB,D074,D370,Post,1,1,15,0,0,1,NA,NA,NA,NA,NA,NA,NA,NA,NA,NA
E246,0,2,121,2015,1149,A,74,46,435,1,2,17,2,BB,D074,D370,NA,NA,NA,NA,NA,NA,NA,GEST,7,0.32,495,1547,0,0,0,0,NA
E246,0,2,128,2015,1424,A,31,50,445,1,2,17,2,TB,D074,D370,Gest,14,3,9,0,0,3,NA,NA,NA,NA,NA,NA,NA,NA,NA,NA
E246,0,2,139,2015,1004,A,61,38,405,1,2,17,3,TH,D074,D370,NA,NA,NA,NA,NA,NA,NA,NA,NA,NA,NA,NA,NA,NA,NA,NA,NA
E246,0,2,149,2015,1047,A,47,23,430,1,2,17,4,TH,D074,D370,Lac,35,0,0,0,0,0,LAC,35,0.65,106,163,0,0,1,2,TW
E246,0,2,149,2015,1108,A,60,29,450,1,2,17,4,BB,D074,D370,Lac,35,1,0,0,0,1,NA,NA,NA,NA,NA,NA,NA,NA,NA,NA
E246,0,2,162,2015,1034,A,69,45,420,1,2,17,4,TH,D074,D370,NA,NA,NA,NA,NA,NA,NA,NA,NA,NA,NA,NA,NA,NA,NA,NA,NA
E246,0,2,164,2015,1150,A,71,31,435,1,2,17,4,TH,D074,D370,Emb,0,1,0,0,0,1,EMB,0,0.52,1,2,0,0,0,0,NA
E249,1,2,111,2015,1401,A,208,45,430,1,2,13,2,TH,D113,D371,Emg,0,4,0,0,0,4,EMG,0,0.32,1692,5288,0,0,282,881,NA
E249,0,2,112,2015,1050,A,218,75,430,1,2,14,2,TB,D113,D371,NA,NA,NA,NA,NA,NA,NA,NA,NA,NA,NA,NA,NA,NA,NA,NA,NA
E249,0,2,113,2015,1331,A,212,76,450,1,2,14,2,TH,D113,D371,NA,NA,NA,NA,NA,NA,NA,NA,NA,NA,NA,NA,NA,NA,NA,NA,NA
E249,0,2,114,2015,1411,A,218,53,490,1,2,15,2,TB,D113,D371,NA,NA,NA,NA,NA,NA,NA,NA,NA,NA,NA,NA,NA,NA,NA,NA,NA
E249,0,2,116,2015,1042,A,230,62,450,1,2,16,2,TH,D113,D371,NA,NA,NA,NA,NA,NA,NA,NA,NA,NA,NA,NA,NA,NA,NA,NA,NA
E249,0,2,117,2015,1608,A,210,43,485,1,2,17,2,TB,D113,D371,Post,1,5,12,0,0,5,NA,NA,NA,NA,NA,NA,NA,NA,NA,NA
E249,0,2,123,2015,1024,A,211,75,490,1,2,17,2,BB,D113,D371,NA,NA,NA,NA,NA,NA,NA,GEST,7,0.56,204,364,0,0,0,0,NA
E249,0,2,125,2015,1539,A,212,74,500,1,2,17,2,BB,D113,D371,NA,NA,NA,NA,NA,NA,NA,NA,NA,NA,NA,NA,NA,NA,NA,NA,NA
E249,0,2,127,2015,1118,A,218,81,500,1,2,17,2,TB,D113,D371,Gest,11,2,10,0,2,4,NA,NA,NA,NA,NA,NA,NA,NA,NA,NA
E249,0,2,137,2015,1053,A,225,56,500,1,2,17,3,BB,D113,D371,NA,NA,NA,NA,NA,NA,NA,NA,NA,NA,NA,NA,NA,NA,NA,NA,NA
E249,0,2,152,2015,1105,A,227,98,445,1,2,17,4,TH,D113,D371,Lac,36,0,0,0,0,0,LAC,36,0.5,144,288,1,2,0,0,NA
E249,0,2,172,2015,1246,A,229,67,495,1,2,17,4,TH,D113,D371,Emb,5,0,0,0,0,0,EMB,5,0.56,34,61,1,2,0,0,NA
E251,1,1,112,2015,1237,A,230,53,490,1,2,4,NA,TH,B764,D371,Prm,3,4,50,0,0,4,PRM,3,0.44,5,11,0,0,0,0,NA
E254,1,2,111,2015,1548,A,208,46,440,1,2,14,2,TH,B764,D026,Emg,0,4,1,0,0,4,EMG,0,0.23,0,0,0,0,0,0,NA
E254,0,2,112,2015,1025,A,230,54,430,1,2,14,2,TH,B764,D026,NA,NA,NA,NA,NA,NA,NA,NA,NA,NA,NA,NA,NA,NA,NA,NA,NA
E254,0,2,113,2015,1044,A,231,49,430,1,2,14,2,TB,B764,D026,NA,NA,NA,NA,NA,NA,NA,NA,NA,NA,NA,NA,NA,NA,NA,NA,NA
E254,0,2,115,2015,1243,A,203,46,440,1,2,17,2,TB,B764,D026,Post,1,9,12,0,0,9,NA,NA,NA,NA,NA,NA,NA,NA,NA,NA
E254,0,2,121,2015,1048,A,234,43,460,1,2,17,2,BB,B764,D026,NA,NA,NA,NA,NA,NA,NA,GEST,7,0.38,952,2505,0,0,0,0,NA
E254,0,2,125,2015,1328,A,231,42,465,1,2,17,2,TH,B764,D026,NA,NA,NA,NA,NA,NA,NA,NA,NA,NA,NA,NA,NA,NA,NA,NA,NA
E254,0,2,127,2015,1327,A,233,43,505,1,2,17,2,TB,B764,D026,Gest,11,3,20,0,0,3,NA,NA,NA,NA,NA,NA,NA,NA,NA,NA
E254,0,2,137,2015,1048,A,234,46,540,1,2,17,3,BB,B764,D026,NA,NA,NA,NA,NA,NA,NA,NA,NA,NA,NA,NA,NA,NA,NA,NA,NA
E254,0,2,152,2015,1030,A,226,34,480,1,2,17,4,TH,B764,D026,Lac,38,0,0,0,0,0,LAC,38,0.52,64,123,2,4,0,0,NA
E254,0,2,158,2015,956,A,231,42,505,1,2,17,4,TH,B764,D026,NA,NA,NA,NA,NA,NA,NA,NA,NA,NA,NA,NA,NA,NA,NA,NA,NA
E254,0,2,168,2015,1540,A,233,45,470,1,2,17,4,TH,B764,D026,Emb,1,3,0,0,0,3,EMB,1,0.54,1080,2000,0,0,0,0,NA
E257,0,1,140,2015,1129,C,60,72,500,1,2,NA,NA,TH,D115,D381,NA,NA,NA,NA,NA,NA,NA,NA,NA,NA,NA,NA,NA,NA,NA,NA,NA
E258,1,2,116,2015,1314,A,231,43,450,1,2,14,2,TH,D115,A396,Emb,3,9,18,0,0,9,EMB,3,0.31,8,26,0,0,0,0,NA
E258,0,2,117,2015,1143,A,231,40,440,1,2,14,2,TH,D115,A396,NA,NA,NA,NA,NA,NA,NA,NA,NA,NA,NA,NA,NA,NA,NA,NA,NA
E258,0,2,119,2015,1324,A,232,55,440,1,2,17,2,TH,D115,A396,Post,1,13,24,1,0,14,NA,NA,NA,NA,NA,NA,NA,NA,NA,NA
E258,0,2,125,2015,1325,A,219,49,480,1,2,17,2,BB,D115,A396,NA,NA,NA,NA,NA,NA,NA,GEST,7,0.18,24648,136933,0,0,0,0,NA
E258,0,2,137,2015,1046,A,224,52,480,1,2,17,2,TB,D115,A396,Gest,19,1,10,0,0,1,NA,NA,NA,NA,NA,NA,NA,NA,NA,NA
E258,0,2,152,2015,1058,A,223,58,515,1,2,17,5,TH,D115,A396,Lost,34,5,0,0,0,5,LOST,38,0.58,29328,50566,0,0,0,0,NA
E258,0,2,158,2015,1002,A,231,50,560,1,2,17,5,TH,D115,A396,NA,NA,NA,NA,NA,NA,NA,NA,NA,NA,NA,NA,NA,NA,NA,NA,NA
E261,1,1,112,2015,1411,A,87,10,490,1,2,4,NA,TB,D179,D155,Prm,2,14,45,0,1,15,PRM,2,0.38,3,8,0,0,0,0,NA
E261,0,1,118,2015,1234,A,90,59,530,1,2,4,NA,TH,D179,D155,NA,NA,NA,NA,NA,NA,NA,NA,NA,NA,NA,NA,NA,NA,NA,NA,NA
E261,0,1,125,2015,1217,A,104,85,540,1,2,4,NA,TH,D179,D155,Pom,15,1,0,0,0,1,POM,15,0.32,99,309,0,0,0,0,NA
E261,0,1,138,2015,1159,A,97,67,560,1,2,4,NA,TB,D179,D155,NA,NA,NA,NA,NA,NA,NA,NA,NA,NA,NA,NA,NA,NA,NA,NA,NA
E261,0,1,139,2015,1009,A,57,15,555,1,2,4,NA,TB,D179,D155,NA,NA,NA,NA,NA,NA,NA,NA,NA,NA,NA,NA,NA,NA,NA,NA,NA
E261,0,1,150,2015,1103,A,99,74,540,1,2,4,NA,TH,D179,D155,NA,NA,NA,NA,NA,NA,NA,NA,NA,NA,NA,NA,NA,NA,NA,NA,NA
E261,0,1,160,2015,1027,A,102,69,625,1,2,4,NA,TB,D179,D155,NA,NA,NA,NA,NA,NA,NA,NA,NA,NA,NA,NA,NA,NA,NA,NA,NA
E266,1,2,116,2015,1304,A,180,78,460,1,2,14,2,TB,D144,A396,Emg,3,2,63,0,0,2,EMG,3,0.37,0,0,0,0,0,0,NA
E266,0,2,119,2015,1431,A,157,120,500,1,2,17,2,TH,D144,A396,Post,1,0,0,0,0,0,NA,NA,NA,NA,NA,NA,NA,NA,NA,NA
E266,0,2,125,2015,1304,A,199,129,540,1,2,17,2,TH,D144,A396,NA,NA,NA,NA,NA,NA,NA,GEST,7,0.42,1956,4657,0,0,0,0,NA
E266,0,2,137,2015,1124,A,231,114,530,1,2,17,2,TH,D144,A396,Gest,19,0,5,0,0,0,NA,NA,NA,NA,NA,NA,NA,NA,NA,NA
E266,0,2,151,2015,1122,A,176,110,400,1,2,17,4,TH,D144,A396,NA,NA,5,NA,NA,NA,5,NA,NA,NA,NA,NA,NA,NA,NA,NA,NA
E266,0,2,165,2015,952,A,230,112,490,1,2,17,4,TH,D144,A396,Lac,47,0,0,0,0,0,LAC,47,0.54,32352,59911,0,0,0,0,NA
E266,0,2,168,2015,1703,A,224,124,490,1,2,17,4,TH,D144,A396,Emb,0,1,0,1,0,2,EMB,0,0.6,93,155,1,2,0,0,NA
E289,1,1,109,2015,1516,A,52,60,420,1,2,4,NA,TH,D129,D045,Mem,0,0,0,0,0,0,MEM,0,0.2,7160,35799,0,0,0,0,NA
E289,0,1,111,2015,1458,A,102,44,420,1,2,4,NA,TH,D129,D045,NA,NA,NA,NA,NA,NA,NA,NA,NA,NA,NA,NA,NA,NA,NA,NA,NA
E289,0,1,116,2015,1000,A,95,42,470,1,2,4,NA,TH,D129,D045,NA,NA,NA,NA,NA,NA,NA,NA,NA,NA,NA,NA,NA,NA,NA,NA,NA
E289,0,1,125,2015,1126,A,52,67,500,1,2,4,NA,TH,D129,D045,NA,NA,NA,NA,NA,NA,NA,POM,16,0.28,117,418,0,0,0,0,NA
E289,0,1,139,2015,1219,A,46,67,585,1,2,4,NA,TB,D129,D045,NA,NA,NA,NA,NA,NA,NA,NA,NA,NA,NA,NA,NA,NA,NA,NA,NA
E289,0,1,162,2015,1016,A,38,68,595,1,2,4,NA,TH,D129,D045,NA,NA,NA,NA,NA,NA,NA,NA,NA,NA,NA,NA,NA,NA,NA,NA,NA
E295,1,2,111,2015,1530,A,127,22,440,1,2,14,2,TB,NA,NA,Emg,1,3,0,0,0,3,EMG,1,0.41,2736,6673,2,5,5,12,NA
E295,0,2,112,2015,1324,A,121,48,450,1,2,14,2,TB,NA,NA,NA,NA,NA,NA,NA,NA,NA,NA,NA,NA,NA,NA,NA,NA,NA,NA,NA
E295,0,2,113,2015,1021,A,161,26,450,1,2,14,2,TB,NA,NA,NA,NA,NA,NA,NA,NA,NA,NA,NA,NA,NA,NA,NA,NA,NA,NA,NA
E295,0,2,114,2015,1237,A,104,34,430,1,2,15,2,TB,NA,NA,NA,NA,NA,NA,NA,NA,NA,NA,NA,NA,NA,NA,NA,NA,NA,NA,NA
E295,0,2,115,2015,1035,A,124,50,440,1,2,16,2,TB,NA,NA,NA,NA,NA,NA,NA,NA,NA,NA,NA,NA,NA,NA,NA,NA,NA,NA,NA
E295,0,2,116,2015,1214,A,109,49,450,1,2,17,2,TH,NA,NA,Post,2,2,12,1,0,3,NA,NA,NA,NA,NA,NA,NA,NA,NA,NA
E295,0,2,122,2015,941,A,92,54,525,1,2,17,2,BB,NA,NA,NA,NA,NA,NA,NA,NA,NA,GEST,7,0.63,348,552,5,8,0,0,NA
E295,0,2,125,2015,1401,A,158,26,510,1,2,17,2,BB,NA,NA,NA,NA,NA,NA,NA,NA,NA,NA,NA,NA,NA,NA,NA,NA,NA,NA,NA
E295,0,2,126,2015,1217,A,178,79,510,1,2,17,2,TB,NA,NA,NA,NA,NA,NA,NA,NA,NA,NA,NA,NA,NA,NA,NA,NA,NA,NA,NA
E295,0,2,127,2015,1023,A,139,28,530,1,2,17,2,BB,NA,NA,Gest,12,1,1,0,0,1,NA,NA,NA,NA,NA,NA,NA,NA,NA,NA
E295,0,2,138,2015,1048,A,149,74,505,1,2,17,4,TH,NA,NA,NA,NA,5,NA,NA,NA,5,NA,NA,NA,NA,NA,NA,NA,NA,NA,NA
E295,0,2,150,2015,1019,A,129,45,495,1,2,17,4,TH,NA,NA,Lac,35,0,0,0,0,0,LAC,35,0.64,261,408,1,2,0,0,NA
E296,1,2,128,2015,1521,A,-30,40,505,1,2,17,2,TH,NA,NA,Post,7,0,5,0,0,0,GEST,7,0.43,540,1256,0,0,0,0,NA
E296,0,2,139,2015,1035,A,-30,32,495,1,2,17,2,TB,NA,NA,Gest,18,0,0,0,0,0,NA,NA,NA,NA,NA,NA,NA,NA,NA,NA
E296,0,2,162,2015,1004,A,-30,34,500,1,2,17,4,TH,NA,NA,Lac,41,0,0,0,0,0,LAC,41,0.52,522,1004,0,0,0,0,NA
E296,0,2,174,2015,1830,A,-30,34,480,1,2,17,4,TH,NA,NA,Emb,1,0,0,0,0,0,EMB,1,0.56,92,164,3,5,0,0,NA
E297,1,1,109,2015,1129,A,126,18,540,2,2,4,NA,TH,NA,NA,Prm,2,5,0,0,0,5,PRM,2,0.2,181,903,0,0,0,0,NA
E297,0,1,116,2015,1535,A,135,24,580,2,2,4,NA,TH,NA,NA,NA,NA,NA,NA,NA,NA,NA,NA,NA,NA,NA,NA,NA,NA,NA,NA,NA
E297,0,1,127,2015,1034,A,156,42,500,2,2,4,NA,BB,NA,NA,Pom,20,1,28,38,0,39,POM,20,0.38,1446,3805,0,0,0,0,NA
E297,0,1,138,2015,947,A,135,21,555,2,2,4,NA,TB,NA,NA,NA,NA,NA,NA,NA,NA,NA,NA,NA,NA,NA,NA,NA,NA,NA,NA,NA
E297,0,1,151,2015,1035,A,143,62,555,2,2,4,NA,TH,NA,NA,NA,NA,1,NA,NA,NA,1,NA,NA,NA,NA,NA,NA,NA,NA,NA,NA
E297,0,1,160,2015,1006,A,90,11,695,2,2,4,NA,TH,NA,NA,NA,NA,NA,NA,NA,NA,NA,NA,NA,NA,NA,NA,NA,NA,NA,NA,NA
E325,1,1,112,2015,1319,A,77,122,500,2,3,4,NA,TH,NA,NA,Prm,4,9,50,0,0,9,PRM,4,0.32,0,0,2,6,0,0,NA
E325,0,1,116,2015,1255,A,80,101,545,2,3,4,NA,TH,NA,NA,NA,NA,NA,NA,NA,NA,NA,NA,NA,NA,NA,NA,NA,NA,NA,NA,NA
E325,0,1,126,2015,1202,A,101,104,500,2,3,4,NA,BB,NA,NA,Pom,18,10,20,14,0,24,POM,18,0.32,1413,4416,0,0,0,0,NA
E325,0,1,139,2015,1135,A,77,112,500,2,3,4,NA,TH,NA,NA,NA,NA,NA,NA,NA,NA,NA,NA,NA,NA,NA,NA,NA,NA,NA,NA,NA
E325,0,1,149,2015,1219,A,75,110,560,2,3,4,NA,BB,NA,NA,NA,NA,NA,NA,NA,NA,NA,NA,NA,NA,NA,NA,NA,NA,NA,NA,NA
E325,0,1,160,2015,1100,A,96,109,580,2,3,4,NA,TH,NA,NA,NA,NA,NA,NA,NA,NA,NA,NA,NA,NA,NA,NA,NA,NA,NA,NA,NA
E358,1,1,128,2015,1404,A,44,22,510,1,2,3,NA,BB,NA,NA,Mem,4,0,30,0,0,0,MEM,4,0.46,2052,4461,0,0,0,0,NA
E358,0,1,139,2015,1033,A,18,30,510,1,2,3,NA,TH,NA,NA,NA,NA,5,NA,NA,NA,5,NA,NA,NA,NA,NA,NA,NA,NA,NA,NA
E358,0,1,149,2015,1056,A,48,28,520,1,2,3,NA,BB,NA,NA,NA,NA,5,NA,NA,NA,5,NA,NA,NA,NA,NA,NA,NA,NA,NA,NA
E358,0,1,162,2015,950,A,4,38,590,1,2,3,NA,TH,NA,NA,NA,NA,NA,NA,NA,NA,NA,NA,NA,NA,NA,NA,NA,NA,NA,NA,NA
E359,1,1,120,2015,1300,A,50,10,240,1,1,2,NA,BB,NA,NA,Mem,0,0,3,60,0,60,MEM,0,0.26,50,192,0,0,0,0,NA
E359,0,1,125,2015,1115,A,14,20,280,1,1,2,NA,TH,NA,NA,NA,NA,NA,NA,NA,NA,NA,NA,NA,NA,NA,NA,NA,NA,NA,NA,NA
E359,0,1,139,2015,1016,A,45,15,375,1,1,2,NA,TH,NA,NA,NA,NA,NA,NA,NA,NA,NA,NA,NA,NA,NA,NA,NA,NA,NA,NA,NA
E359,0,1,149,2015,1028,A,43,15,415,1,1,2,NA,TH,NA,NA,NA,NA,10,NA,NA,NA,10,NA,NA,NA,NA,NA,NA,NA,NA,NA,NA
E359,0,1,162,2015,937,A,18,15,490,1,1,2,NA,TH,NA,NA,NA,NA,NA,NA,NA,NA,NA,NA,NA,NA,NA,NA,NA,NA,NA,NA,NA
E360,0,1,151,2015,1206,A,190,70,520,2,?,NA,NA,TH,NA,NA,NA,NA,NA,NA,NA,NA,NA,NA,NA,NA,NA,NA,NA,NA,NA,NA,NA
E361,1,1,161,2015,1745,A,106,31,100,1,0,NA,NA,TH,D128,D155,Bab,0,0,0,13,0,13,NA,NA,NA,NA,NA,NA,NA,NA,NA,NA
E361,0,1,163,2015,1745,A,106,31,100,1,0,NA,NA,TH,D128,D155,NA,NA,NA,NA,NA,NA,NA,BAB,2,0.12,137,1142,0,0,0,0,NA
E372,1,1,119,2015,1351,A,-30,35,345,2,1,2,NA,TH,NA,NA,NA,NA,10,NA,NA,NA,10,NA,NA,NA,NA,NA,NA,NA,NA,NA,NA
E372,0,1,125,2015,1118,A,13,30,400,2,1,3,NA,BB,NA,NA,Mem,6,0,10,2,0,2,MEM,6,0.41,5976,14576,31,76,0,0,NA
E372,0,1,139,2015,1042,A,-20,32,440,2,1,3,NA,TH,NA,NA,NA,NA,NA,NA,NA,NA,NA,NA,NA,NA,NA,NA,NA,NA,NA,NA,NA
E372,0,1,149,2015,1101,A,110,34,480,2,1,3,NA,BB,NA,NA,NA,NA,10,NA,NA,NA,10,NA,NA,NA,NA,NA,NA,NA,NA,NA,NA
E372,0,1,162,2015,958,A,-25,36,520,2,1,3,NA,TH,NA,NA,NA,NA,NA,NA,NA,NA,NA,NA,NA,NA,NA,NA,NA,NA,NA,NA,NA
E373,1,1,118,2015,1302,A,214,42,275,1,1,2,NA,TH,D321,NA,Mem,0,7,250,18,0,25,MEM,0,0.25,1346,5384,0,0,0,0,NA
E373,0,1,125,2015,1335,A,208,46,330,1,1,2,NA,TH,D321,NA,NA,NA,NA,NA,NA,NA,NA,NA,NA,NA,NA,NA,NA,NA,NA,NA,NA
E373,0,1,137,2015,1034,A,199,47,400,1,1,2,NA,BB,D321,NA,NA,NA,NA,NA,NA,NA,NA,NA,NA,NA,NA,NA,NA,NA,NA,NA,NA
E373,0,1,151,2015,1158,A,182,67,475,1,1,2,NA,TH,D321,NA,NA,NA,5,NA,NA,NA,5,NA,NA,NA,NA,NA,NA,NA,NA,NA,NA
E373,0,1,158,2015,1020,A,206,46,490,1,1,2,NA,TH,D321,NA,NA,NA,NA,NA,NA,NA,NA,NA,NA,NA,NA,NA,NA,NA,NA,NA,NA
E703,1,1,109,2015,1155,A,71,59,400,2,3,3,NA,TH,NA,NA,Prm,2,1,1,0,0,1,PRM,2,0.4,1053,2632,0,0,0,0,NA
E703,0,1,116,2015,1233,A,42,82,470,2,3,3,NA,TH,NA,NA,NA,NA,NA,NA,NA,NA,NA,NA,NA,NA,NA,NA,NA,NA,NA,NA,NA
E703,0,1,123,2015,1503,A,97,106,480,2,3,3,NA,BB,NA,NA,NA,NA,NA,NA,NA,NA,NA,NA,NA,NA,NA,NA,NA,NA,NA,NA,NA
E703,0,1,125,2015,1130,A,35,79,470,2,3,4,NA,BB,NA,NA,Pom,18,0,15,1,0,1,POM,18,0.37,912,2465,0,0,0,0,NA
E703,0,1,139,2015,1211,A,37,78,460,2,3,4,NA,TB,NA,NA,NA,NA,NA,NA,NA,NA,NA,NA,NA,NA,NA,NA,NA,NA,NA,NA,NA
E703,0,1,163,2015,957,A,35,81,610,2,3,4,NA,TH,NA,NA,NA,NA,NA,NA,NA,NA,NA,NA,NA,NA,NA,NA,NA,NA,NA,NA,NA
E704,1,1,113,2015,1506,A,45,85,415,2,3,2,NA,TB,NA,NA,Mem,1,15,73,2,0,17,PRM,1,0.33,3,9,1,3,3,9,NA
E704,0,1,119,2015,1052,A,45,25,440,2,3,3,NA,TH,NA,NA,NA,NA,NA,NA,NA,NA,NA,NA,NA,NA,NA,NA,NA,NA,NA,NA,NA
E704,0,1,125,2015,1132,A,32,77,460,2,3,3,NA,TB,NA,NA,NA,NA,NA,NA,NA,NA,NA,NA,NA,NA,NA,NA,NA,NA,NA,NA,NA
E704,0,1,139,2015,1211,A,34,77,445,2,3,3,NA,TH,NA,NA,NA,NA,NA,NA,NA,NA,NA,NA,NA,NA,NA,NA,NA,NA,NA,NA,NA
E704,0,1,149,2015,1129,A,40,81,470,2,3,3,NA,TH,NA,NA,NA,NA,10,NA,NA,NA,10,NA,NA,NA,NA,NA,NA,NA,NA,NA,NA
E704,0,1,162,2015,1012,A,45,59,485,2,3,3,NA,TH,NA,NA,NA,NA,NA,NA,NA,NA,NA,NA,NA,NA,NA,NA,NA,NA,NA,NA,NA
E706,1,1,107,2015,1154,A,180,90,375,2,2,3,NA,TH,NA,NA,NA,NA,5,NA,NA,NA,5,NA,NA,NA,NA,NA,NA,NA,NA,NA,NA
E706,0,1,109,2015,1053,A,154,79,390,2,2,3,NA,TH,NA,NA,Prm,4,28,12,0,1,28,PRM,4,0.5,1384,2768,0,0,0,0,NA
E706,0,1,116,2015,1635,A,176,85,450,2,2,4,NA,TH,NA,NA,NA,NA,NA,NA,NA,NA,NA,NA,NA,NA,NA,NA,NA,NA,NA,NA,NA
E706,0,1,124,2015,1438,A,158,93,480,2,2,4,NA,TB,NA,NA,NA,NA,NA,NA,NA,NA,NA,NA,NA,NA,NA,NA,NA,NA,NA,NA,NA
E706,0,1,125,2015,1227,A,154,94,490,2,2,4,NA,TH,NA,NA,Pom,20,3,15,0,0,3,POM,20,0.39,3236,8297,0,0,0,0,NA
E706,0,1,137,2015,1128,A,175,116,470,2,2,4,NA,BB,NA,NA,NA,NA,NA,NA,NA,NA,NA,NA,NA,NA,NA,NA,NA,NA,NA,NA,NA
E706,0,1,151,2015,1046,A,153,90,490,2,2,4,NA,TH,NA,NA,NA,NA,NA,NA,NA,NA,NA,NA,NA,NA,NA,NA,NA,NA,NA,NA,NA
E706,0,1,159,2015,1011,A,150,92,575,2,2,4,NA,TH,NA,NA,NA,NA,NA,NA,NA,NA,NA,NA,NA,NA,NA,NA,NA,NA,NA,NA,NA
E801,1,2,119,2015,1146,A,173,91,280,1,1,12,2,TH,D111,NA,Fem,2,0,50,0,0,0,FEM,2,0.23,2,9,0,0,0,0,NA
E801,0,2,124,2015,1449,A,172,89,320,1,1,12,2,BB,D111,NA,Fem,7,0,15,0,0,0,NA,NA,NA,NA,NA,NA,NA,NA,NA,NA
E801,0,2,127,2015,1200,A,169,85,315,1,1,12,2,TB,D111,NA,NA,NA,NA,NA,NA,NA,NA,NA,NA,NA,NA,NA,NA,NA,NA,NA,NA
E801,0,2,137,2015,1106,A,180,7,340,1,1,12,2,TH,D111,NA,NA,NA,NA,NA,NA,NA,NA,NA,NA,NA,NA,NA,NA,NA,NA,NA,NA
E801,0,2,151,2015,1226,A,176,81,370,1,1,12,2,TH,D111,NA,NA,NA,5,NA,NA,NA,5,NA,NA,NA,NA,NA,NA,NA,NA,NA,NA
E801,0,2,159,2015,937,A,189,77,400,1,1,12,2,TH,D111,NA,NA,NA,NA,NA,NA,NA,NA,NA,NA,NA,NA,NA,NA,NA,NA,NA,NA
E804,1,1,126,2015,1227,A,176,84,320,1,1,2,NA,BB,D111,NA,Mem,5,1,40,0,0,1,MEM,5,0.4,22,55,0,0,0,0,NA
E804,0,1,151,2015,1138,A,171,83,450,1,1,2,NA,TH,D111,NA,NA,NA,10,NA,NA,NA,10,NA,NA,NA,NA,NA,NA,NA,NA,NA,NA
E806,1,1,127,2015,1143,A,171,85,320,1,1,2,NA,TB,D360,D139,Mem,5,0,100,0,0,0,MEM,5,0.38,2645,6961,0,0,0,0,NA
E806,0,1,151,2015,1142,A,170,80,410,1,1,2,NA,TH,D360,D139,NA,NA,10,NA,NA,NA,10,NA,NA,NA,NA,NA,NA,NA,NA,NA,NA
E806,0,1,159,2015,939,A,183,76,440,1,1,2,NA,TH,D360,D139,NA,NA,NA,NA,NA,NA,NA,NA,NA,NA,NA,NA,NA,NA,NA,NA,NA
E807,1,2,125,2015,1234,A,163,93,300,1,1,12,2,TH,D360,NA,Fem,5,1,50,1,0,2,FEM,5,0.37,5172,13978,0,0,0,0,NA
E807,0,2,151,2015,1179,A,179,78,345,1,1,12,2,TH,D360,NA,NA,NA,NA,NA,NA,NA,NA,NA,NA,NA,NA,NA,NA,NA,NA,NA,NA
E807,0,2,159,2015,926,A,170,70,370,1,1,12,2,TH,D360,NA,NA,NA,NA,NA,NA,NA,NA,NA,NA,NA,NA,NA,NA,NA,NA,NA,NA
E812,1,2,128,2015,1622,A,128,47,265,1,1,12,2,TB,E295,NA,Fem,4,16,50,0,0,16,FEM,4,0.38,1269,3339,0,0,0,0,NA
E814,1,1,112,2015,1009,A,127,25,260,1,1,2,NA,TB,E295,NA,NA,NA,NA,NA,NA,NA,NA,MEM,2,0.36,23928,66467,11,31,0,0,NA
E814,0,1,113,2015,1000,A,139,29,280,1,1,2,NA,TB,E295,NA,Mem,3,3,50,0,0,3,NA,NA,NA,NA,NA,NA,NA,NA,NA,NA
E814,0,1,120,2015,1054,A,127,44,350,1,1,2,NA,BB,E295,NA,NA,NA,NA,NA,NA,NA,NA,NA,NA,NA,NA,NA,NA,NA,NA,NA,NA
E814,0,1,125,2015,1040,A,129,46,380,1,1,2,NA,TH,E295,NA,NA,NA,NA,NA,NA,NA,NA,NA,NA,NA,NA,NA,NA,NA,NA,NA,NA
E814,0,1,138,2015,1000,A,124,38,420,1,1,2,NA,BB,E295,NA,NA,NA,NA,NA,NA,NA,NA,NA,NA,NA,NA,NA,NA,NA,NA,NA,NA
E814,0,1,139,2015,1025,A,21,15,440,1,1,2,NA,TH,E295,NA,NA,NA,5,NA,NA,NA,5,NA,NA,NA,NA,NA,NA,NA,NA,NA,NA
E816,1,1,116,2015,1645,A,229,38,270,1,1,2,NA,TB,D695,D155,Mem,13,5,55,4,0,9,MEM,13,0.27,1016,3763,0,0,0,0,NA
E816,0,1,124,2015,1403,A,211,41,340,1,1,2,NA,BB,D628,D155,NA,NA,NA,NA,NA,NA,NA,NA,NA,NA,NA,NA,NA,NA,NA,NA,NA
E816,0,1,125,2015,1337,A,205,46,320,1,1,2,NA,TH,D628,D155,NA,NA,NA,NA,NA,NA,NA,NA,NA,NA,NA,NA,NA,NA,NA,NA,NA
E816,0,1,137,2015,1040,A,206,51,375,1,1,2,NA,TH,D628,D155,NA,NA,NA,NA,NA,NA,NA,NA,NA,NA,NA,NA,NA,NA,NA,NA,NA
E816,0,1,152,2015,1113,A,210,45,415,1,1,2,NA,TH,D628,D155,NA,NA,1,NA,NA,NA,1,NA,NA,NA,NA,NA,NA,NA,NA,NA,NA
E816,0,1,159,2015,930,A,190,70,465,1,1,2,NA,TH,D628,D155,NA,NA,NA,NA,NA,NA,NA,NA,NA,NA,NA,NA,NA,NA,NA,NA,NA
E817,1,2,128,2015,1553,A,129,39,290,1,1,12,2,TB,D628,D139,Fem,4,21,200,0,0,21,FEM,4,0.46,565470,1229283,0,0,0,0,NA
E817,0,2,138,2015,951,A,123,39,320,1,1,12,2,TB,D628,D139,NA,NA,NA,NA,NA,NA,NA,NA,NA,NA,NA,NA,NA,NA,NA,NA,NA
E817,0,2,150,2015,1018,A,127,55,360,1,1,12,2,BB,D628,D139,NA,NA,NA,NA,NA,NA,NA,NA,NA,NA,NA,NA,NA,NA,NA,NA,NA
E817,0,2,160,2015,946,A,120,35,405,1,1,12,2,TB,D628,D139,NA,NA,NA,NA,NA,NA,NA,NA,NA,NA,NA,NA,NA,NA,NA,NA,NA
E823,1,2,120,2015,1439,A,121,40,285,1,1,12,2,TH,D640,D370,Fem,3,3,150,23,0,26,FEM,3,0.24,64,267,0,0,0,0,NA
E823,0,2,125,2015,1035,A,128,44,340,1,1,12,2,TH,D640,D370,NA,NA,NA,NA,NA,NA,NA,NA,NA,NA,NA,NA,NA,NA,NA,NA,NA
E823,0,2,138,2015,959,A,124,50,385,1,1,12,2,TH,D640,D370,NA,NA,NA,NA,NA,NA,NA,NA,NA,NA,NA,NA,NA,NA,NA,NA,NA
E823,0,2,150,2015,1022,A,94,50,420,1,1,12,2,BB,D640,D370,NA,NA,NA,NA,NA,NA,NA,NA,NA,NA,NA,NA,NA,NA,NA,NA,NA
E823,0,2,159,2015,914,A,140,43,470,1,1,12,2,TH,D640,D370,NA,NA,NA,NA,NA,NA,NA,NA,NA,NA,NA,NA,NA,NA,NA,NA,NA
E825,1,2,121,2015,1435,A,84,90,280,1,1,12,2,TH,D132,D631,Fem,0,2,300,64,0,66,FEM,0,0.15,3,20,0,0,0,0,NA
E825,0,2,125,2015,1214,A,100,100,300,1,1,12,2,BB,D132,D631,NA,NA,NA,NA,NA,NA,NA,NA,NA,NA,NA,NA,NA,NA,NA,NA,NA
E825,0,2,139,2015,1151,A,80,89,340,1,1,12,2,TH,D132,D631,NA,NA,NA,NA,NA,NA,NA,NA,NA,NA,NA,NA,NA,NA,NA,NA,NA
E825,0,2,149,2015,1201,A,80,89,360,1,1,12,2,TH,D132,D631,NA,NA,1,NA,NA,NA,1,NA,NA,NA,NA,NA,NA,NA,NA,NA,NA
E825,0,2,160,2015,1044,A,99,101,420,1,1,12,2,TH,D132,D631,NA,NA,NA,NA,NA,NA,NA,NA,NA,NA,NA,NA,NA,NA,NA,NA,NA
E826,1,1,114,2015,1212,A,124,51,280,1,1,2,NA,TB,D640,D370,Mem,2,5,100,2,0,7,NA,NA,NA,NA,NA,NA,NA,NA,NA,NA
E826,0,1,116,2015,1206,A,120,50,290,1,1,2,NA,TB,D640,D370,NA,NA,NA,NA,NA,NA,NA,MEM,4,0.27,0,0,0,0,0,0,NA
E826,0,1,125,2015,1041,A,129,47,355,1,1,2,NA,TH,D640,D370,NA,NA,NA,NA,NA,NA,NA,NA,NA,NA,NA,NA,NA,NA,NA,NA,NA
E826,0,1,138,2015,810,A,136,24,400,1,1,2,NA,BB,D640,D370,NA,NA,NA,NA,NA,NA,NA,NA,NA,NA,NA,NA,NA,NA,NA,NA,NA
E826,0,1,150,2015,1012,A,127,55,470,1,1,2,NA,BB,D640,D370,NA,NA,NA,NA,NA,NA,NA,NA,NA,NA,NA,NA,NA,NA,NA,NA,NA
E826,0,1,160,2015,940,A,122,46,500,1,1,2,NA,TH,D640,D370,NA,NA,1,NA,NA,NA,1,NA,NA,NA,NA,NA,NA,NA,NA,NA,NA
E827,1,2,123,2015,1321,A,71,47,280,1,1,12,2,BB,D074,D631,Fem,0,1,40,30,0,31,FEM,0,0.36,2712,7533,0,0,0,0,NA
E827,0,2,125,2015,1219,A,96,60,300,1,1,12,2,BB,D074,D631,NA,NA,NA,NA,NA,NA,NA,NA,NA,NA,NA,NA,NA,NA,NA,NA,NA
E827,0,2,138,2015,1005,A,91,62,380,1,1,12,2,BB,D074,D631,NA,NA,NA,NA,NA,NA,NA,NA,NA,NA,NA,NA,NA,NA,NA,NA,NA
E827,0,2,139,2015,1052,A,73,48,390,1,1,12,2,TH,D074,D631,NA,NA,5,NA,NA,NA,5,NA,NA,NA,NA,NA,NA,NA,NA,NA,NA
E827,0,2,150,2015,1055,A,129,60,440,1,1,12,2,TH,D074,D631,NA,NA,NA,NA,NA,NA,NA,NA,NA,NA,NA,NA,NA,NA,NA,NA,NA
E827,0,2,160,2015,1017,A,102,56,480,1,1,12,2,TH,D074,D631,NA,NA,NA,NA,NA,NA,NA,NA,NA,NA,NA,NA,NA,NA,NA,NA,NA
E831,1,2,107,2015,1119,A,240,45,250,1,1,12,2,TH,B764,D381,Emg,1,0,0,0,0,0,EMG,1,0.1,3018,30180,0,0,0,0,NA
E831,0,2,108,2015,1457,A,207,54,250,1,1,12,2,TH,B764,D381,NA,NA,NA,NA,NA,NA,NA,NA,NA,NA,NA,NA,NA,NA,NA,NA,NA
E831,0,2,111,2015,1548,A,208,54,320,1,1,12,2,TB,B764,D381,NA,NA,10,NA,NA,NA,10,NA,NA,NA,NA,NA,NA,NA,NA,NA,NA
E831,0,2,113,2015,1040,A,230,48,295,1,1,12,2,TH,B764,D381,NA,NA,NA,NA,NA,NA,NA,NA,NA,NA,NA,NA,NA,NA,NA,NA,NA
E831,0,2,115,2015,1234,A,203,41,305,1,1,13,2,TB,B764,D381,NA,NA,NA,NA,NA,NA,NA,NA,NA,NA,NA,NA,NA,NA,NA,NA,NA
E831,0,2,118,2015,1258,A,214,42,330,1,1,13,2,TH,B764,D381,NA,NA,NA,NA,NA,NA,NA,NA,NA,NA,NA,NA,NA,NA,NA,NA,NA
E831,0,2,119,2015,1219,A,234,49,335,1,1,14,2,TH,B764,D381,Pre,-1,3,50,0,0,3,PRE,-1,0.26,280,1077,0,0,0,0,NA
E831,0,2,121,2015,1048,A,233,49,325,1,1,17,2,TH,B764,D381,Post,0,2,0,15,0,17,NA,NA,NA,NA,NA,NA,NA,NA,NA,NA
E831,0,2,125,2015,1325,A,234,47,335,1,1,17,2,TH,B764,D381,NA,NA,NA,NA,NA,NA,NA,NA,NA,NA,NA,NA,NA,NA,NA,NA,NA
E831,0,2,127,2015,1550,A,250,46,380,1,1,17,2,BB,B764,D381,NA,NA,NA,NA,NA,NA,NA,GEST,7,0.41,1020,2488,0,0,0,0,NA
E831,0,2,137,2015,1045,A,260,43,380,1,1,17,2,TH,B764,D381,Gest,17,0,0,0,0,0,NA,NA,NA,NA,NA,NA,NA,NA,NA,NA
E831,0,2,152,2015,1035,A,252,49,385,1,1,17,4,TH,B764,D381,Lac,32,0,0,0,0,0,LAC,32,0.64,248160,387750,1,2,0,0,NA
E831,0,2,158,2015,1005,A,252,48,385,1,1,17,4,TH,B764,D381,NA,NA,10,NA,NA,NA,10,NA,NA,NA,NA,NA,NA,NA,NA,NA,NA
E831,0,2,176,2015,1243,A,280,48,410,1,1,17,4,TH,B764,D381,Emb,3,0,0,0,0,0,EMB,3,0.54,1615,2991,0,0,0,0,NA
E832,1,1,117,2015,1139,A,185,89,290,1,1,2,NA,TB,D195,A396,Mem,0,1,100,0,0,1,MEM,0,0.21,186,886,0,0,0,0,NA
E832,0,1,124,2015,1137,A,208,82,380,1,1,2,NA,BB,D195,A396,NA,NA,NA,NA,NA,NA,NA,NA,NA,NA,NA,NA,NA,NA,NA,NA,NA
E832,0,1,125,2015,1309,A,186,90,370,1,1,2,NA,BB,D195,A396,NA,NA,NA,NA,NA,NA,NA,NA,NA,NA,NA,NA,NA,NA,NA,NA,NA
E832,0,1,137,2015,1057,A,219,81,410,1,1,2,NA,TB,D195,A396,NA,NA,NA,NA,NA,NA,NA,NA,NA,NA,NA,NA,NA,NA,NA,NA,NA
E832,0,1,151,2015,1204,A,187,69,465,1,1,2,NA,TH,D195,A396,NA,NA,10,NA,NA,NA,10,NA,NA,NA,NA,NA,NA,NA,NA,NA,NA
E833,1,1,114,2015,1129,A,208,81,240,1,1,2,NA,TB,D195,A396,Mem,0,0,100,0,0,0,NA,NA,NA,NA,NA,NA,NA,NA,NA,NA
E833,0,1,116,2015,955,A,208,79,265,1,1,2,NA,TB,D195,A396,NA,NA,NA,NA,NA,NA,NA,MEM,1,0.4,210,525,0,0,0,0,NA
E833,0,1,123,2015,1016,A,208,77,350,1,1,2,NA,BB,D195,A396,NA,NA,NA,NA,NA,NA,NA,NA,NA,NA,NA,NA,NA,NA,NA,NA,NA
E833,0,1,125,2015,1309,A,191,89,380,1,1,2,NA,TH,D195,A396,NA,NA,NA,NA,NA,NA,NA,NA,NA,NA,NA,NA,NA,NA,NA,NA,NA
E833,0,1,137,2015,1059,A,210,82,395,1,1,2,NA,TH,D195,A396,NA,NA,NA,NA,NA,NA,NA,NA,NA,NA,NA,NA,NA,NA,NA,NA,NA
E833,0,1,152,2015,1145,A,210,79,470,1,1,2,NA,TH,D195,A396,NA,NA,NA,NA,NA,NA,NA,NA,NA,NA,NA,NA,NA,NA,NA,NA,NA
E834,1,2,121,2015,1057,A,230,49,285,1,1,12,2,TH,D115,A396,Fem,2,6,20,0,0,6,FEM,2,0.38,4,11,0,0,0,0,NA
E834,0,2,127,2015,1101,A,216,46,320,1,1,12,2,BB,D115,A396,NA,NA,NA,NA,NA,NA,NA,NA,NA,NA,NA,NA,NA,NA,NA,NA,NA
E834,0,2,137,2015,1035,A,206,51,340,1,1,12,2,TH,D115,A396,Rep,10,4,20,1,0,5,NA,NA,NA,NA,NA,NA,NA,NA,NA,NA
E834,0,2,152,2015,1118,A,209,49,395,1,1,12,2,TH,D115,A396,NA,NA,1,NA,NA,NA,1,NA,NA,NA,NA,NA,NA,NA,NA,NA,NA
E834,0,2,158,2015,1024,A,206,51,405,1,1,12,2,TH,D115,A396,NA,NA,NA,NA,NA,NA,NA,NA,NA,NA,NA,NA,NA,NA,NA,NA,NA
E842,1,2,124,2015,1205,A,198,58,310,1,1,12,2,BB,D664,D155,Fem,3,2,20,4,0,6,FEM,3,0.4,324,810,0,0,0,0,NA
E842,0,2,125,2015,1340,A,207,44,280,1,1,12,2,TH,D664,D155,NA,NA,NA,NA,NA,NA,NA,NA,NA,NA,NA,NA,NA,NA,NA,NA,NA
E842,0,2,151,2015,1230,A,175,83,360,1,1,12,2,TH,D664,D155,NA,NA,10,NA,NA,NA,10,NA,NA,NA,NA,NA,NA,NA,NA,NA,NA
E842,0,2,158,2015,1015,A,211,50,390,1,1,12,2,TH,D664,D155,NA,NA,NA,NA,NA,NA,NA,NA,NA,NA,NA,NA,NA,NA,NA,NA,NA
E842,0,2,159,2015,916,A,145,45,420,1,1,12,2,TH,D664,D155,NA,NA,NA,NA,NA,NA,NA,NA,NA,NA,NA,NA,NA,NA,NA,NA,NA
E843,1,2,128,2015,1630,A,129,47,280,1,1,12,2,TB,D060,D370,Fem,4,12,75,1,0,13,FEM,4,0.31,7,23,0,0,0,0,NA
E843,0,2,138,2015,940,A,145,27,310,1,1,12,2,TH,D060,D370,NA,NA,NA,NA,NA,NA,NA,NA,NA,NA,NA,NA,NA,NA,NA,NA,NA
E843,0,2,150,2015,1026,A,122,50,345,1,1,12,2,TH,D060,D370,NA,NA,NA,NA,NA,NA,NA,NA,NA,NA,NA,NA,NA,NA,NA,NA,NA
E844,1,1,116,2015,1552,A,125,50,288,1,1,2,NA,TH,D060,D370,Mem,4,6,200,5,0,11,MEM,4,0.22,1188,5400,0,0,5,23,NA
E844,0,1,125,2015,1039,A,128,46,350,1,1,2,NA,TH,D060,D370,NA,NA,NA,NA,NA,NA,NA,NA,NA,NA,NA,NA,NA,NA,NA,NA,NA
E844,0,1,138,2015,956,A,124,50,390,1,1,2,NA,TH,D060,D370,NA,NA,NA,NA,NA,NA,NA,NA,NA,NA,NA,NA,NA,NA,NA,NA,NA
E844,0,1,150,2015,1028,A,115,54,460,1,1,2,NA,BB,D060,D370,NA,NA,NA,NA,NA,NA,NA,NA,NA,NA,NA,NA,NA,NA,NA,NA,NA
E844,0,1,160,2015,944,A,121,48,490,1,1,2,NA,TH,D060,D370,NA,NA,10,NA,NA,NA,10,NA,NA,NA,NA,NA,NA,NA,NA,NA,NA
E846,0,1,111,2015,1142,A,125,83,380,1,1,2,NA,BB,D065,C290,NA,NA,5,NA,NA,NA,5,NA,NA,NA,NA,NA,NA,NA,NA,NA,NA
E846,1,1,113,2015,1424,A,125,89,300,1,1,2,NA,TH,D065,C290,Mem,0,23,750,13,0,36,MEM,0,0.28,369,1318,7,25,0,0,NA
E846,0,1,119,2015,1111,A,97,60,370,1,1,2,NA,TH,D065,C290,NA,NA,NA,NA,NA,NA,NA,NA,NA,NA,NA,NA,NA,NA,NA,NA,NA
E846,0,1,125,2015,1159,A,85,101,400,1,1,2,NA,TB,D065,C290,NA,NA,NA,NA,NA,NA,NA,NA,NA,NA,NA,NA,NA,NA,NA,NA,NA
E846,0,1,138,2015,1043,A,120,81,430,1,1,2,NA,TB,D065,C290,NA,NA,NA,NA,NA,NA,NA,NA,NA,NA,NA,NA,NA,NA,NA,NA,NA
E846,0,1,139,2015,1128,A,100,109,440,1,1,2,NA,TB,D065,C290,NA,NA,NA,NA,NA,NA,NA,NA,NA,NA,NA,NA,NA,NA,NA,NA,NA
E851,1,1,118,2015,1353,A,118,35,210,1,1,2,NA,TH,D198,D045,Mem,0,3,50,117,0,120,MEM,0,0.29,340,1172,0,0,0,0,NA
E851,0,1,125,2015,1026,A,122,128,280,1,1,2,NA,BB,D198,D045,NA,NA,NA,NA,NA,NA,NA,NA,NA,NA,NA,NA,NA,NA,NA,NA,NA
E851,0,1,138,2015,949,A,123,36,320,1,1,2,NA,BB,D198,D045,NA,NA,NA,NA,NA,NA,NA,NA,NA,NA,NA,NA,NA,NA,NA,NA,NA
E851,0,1,138,2015,958,A,129,45,320,1,1,2,NA,TB,D198,D045,NA,NA,NA,NA,NA,NA,NA,NA,NA,NA,NA,NA,NA,NA,NA,NA,NA
E851,0,1,160,2015,937,A,121,28,420,1,1,2,NA,TB,D198,D045,NA,NA,NA,NA,NA,NA,NA,NA,NA,NA,NA,NA,NA,NA,NA,NA,NA
E851,0,1,160,2015,1023,A,93,70,350,1,1,2,NA,TH,D198,D045,NA,NA,NA,NA,NA,NA,NA,NA,NA,NA,NA,NA,NA,NA,NA,NA,NA
E851,0,1,162,2015,908,A,95,31,450,1,1,2,NA,TH,D198,D045,NA,NA,NA,NA,NA,NA,NA,NA,NA,NA,NA,NA,NA,NA,NA,NA,NA
E853,1,2,117,2015,1541,A,21,28,305,1,1,12,2,TB,E296,D370,Fem,4,6,35,0,0,6,FEM,4,0.23,3,13,0,0,0,0,NA
E853,0,2,125,2015,1112,A,17,30,320,1,1,12,2,BB,E296,D370,NA,NA,NA,NA,NA,NA,NA,NA,NA,NA,NA,NA,NA,NA,NA,NA,NA
E853,0,2,139,2015,1045,A,-25,32,385,1,1,12,2,TH,E296,D370,NA,NA,5,NA,NA,NA,5,NA,NA,NA,NA,NA,NA,NA,NA,NA,NA
E853,0,2,149,2015,1057,A,-30,35,410,1,1,12,2,TH,E296,D370,NA,NA,1,NA,NA,NA,1,NA,NA,NA,NA,NA,NA,NA,NA,NA,NA
E856,1,2,121,2015,955,A,105,86,205,1,1,12,2,TH,D189,D631,Fem,2,0,50,79,0,79,FEM,2,0.28,0,0,0,0,0,0,NA
E856,0,2,125,2015,1525,A,160,104,240,1,1,12,2,BB,D189,D631,NA,NA,NA,NA,NA,NA,NA,NA,NA,NA,NA,NA,NA,NA,NA,NA,NA
E856,0,2,138,2015,1022,A,106,82,280,1,1,12,2,TH,D189,D631,NA,NA,NA,NA,NA,NA,NA,NA,NA,NA,NA,NA,NA,NA,NA,NA,NA
E856,0,2,150,2015,1106,A,105,86,335,1,1,12,2,TH,D189,D631,NA,NA,NA,NA,NA,NA,NA,NA,NA,NA,NA,NA,NA,NA,NA,NA,NA
E856,0,2,159,2015,1015,A,136,89,375,1,1,12,2,TH,D189,D631,NA,NA,NA,NA,NA,NA,NA,NA,NA,NA,NA,NA,NA,NA,NA,NA,NA
E859,1,2,111,2015,1420,A,99,71,225,1,1,12,2,TH,D189,D631,Fem,2,1,0,0,0,1,FEM,2,0.28,3192,11400,0,0,0,0,NA
E859,0,2,113,2015,1231,A,99,79,250,1,1,12,2,TH,D189,D631,NA,NA,NA,NA,NA,NA,NA,NA,NA,NA,NA,NA,NA,NA,NA,NA,NA
E859,0,2,115,2015,1145,A,98,71,250,1,1,12,2,TB,D189,D631,NA,NA,NA,NA,NA,NA,NA,NA,NA,NA,NA,NA,NA,NA,NA,NA,NA
E859,0,2,119,2015,1104,A,75,51,305,1,1,12,2,TH,D189,D631,NA,NA,NA,NA,NA,NA,NA,NA,NA,NA,NA,NA,NA,NA,NA,NA,NA
E859,0,2,125,2015,1211,A,100,104,305,1,1,12,2,TB,D189,D631,NA,NA,NA,NA,NA,NA,NA,NA,NA,NA,NA,NA,NA,NA,NA,NA,NA
E859,0,2,138,2015,1028,A,106,82,330,1,1,12,2,TH,D189,D631,NA,NA,NA,NA,NA,NA,NA,NA,NA,NA,NA,NA,NA,NA,NA,NA,NA
E859,0,2,150,2015,1108,A,105,86,380,1,1,12,2,TH,D189,D631,NA,NA,NA,NA,NA,NA,NA,NA,NA,NA,NA,NA,NA,NA,NA,NA,NA
E859,0,2,160,2015,1015,A,104,70,410,1,1,12,2,TB,D189,D631,NA,NA,NA,NA,NA,NA,NA,NA,NA,NA,NA,NA,NA,NA,NA,NA,NA
E862,1,2,116,2015,1604,A,50,60,245,1,1,12,2,TB,D336,D642,Fem,3,5,104,32,0,37,NA,NA,NA,NA,NA,NA,NA,NA,NA,NA
E862,0,2,117,2015,1031,A,40,90,250,1,1,12,2,TH,D336,D642,NA,NA,NA,NA,NA,NA,NA,FEM,4,0.2,0,0,0,0,0,0,NA
E862,0,2,128,2015,1200,A,10,81,315,1,1,12,2,TB,D336,D642,NA,NA,NA,NA,NA,NA,NA,NA,NA,NA,NA,NA,NA,NA,NA,NA,NA
E862,0,2,139,2015,1225,A,40,51,360,1,1,12,2,TB,D336,D642,NA,NA,NA,NA,NA,NA,NA,NA,NA,NA,NA,NA,NA,NA,NA,NA,NA
E862,0,2,149,2015,1140,A,65,82,420,1,1,12,2,BB,D336,D642,NA,NA,NA,NA,NA,NA,NA,NA,NA,NA,NA,NA,NA,NA,NA,NA,NA
E862,0,2,162,2015,1008,A,30,58,435,1,1,12,2,TH,D336,D642,NA,NA,NA,NA,NA,NA,NA,NA,NA,NA,NA,NA,NA,NA,NA,NA,NA
E865,1,2,139,2015,1107,A,100,71,235,1,1,12,2,TH,D646,D361,NA,NA,10,NA,NA,NA,10,NA,NA,NA,NA,NA,NA,NA,NA,NA,NA
E865,0,2,149,2015,1124,A,73,74,285,1,1,12,2,TH,D646,D361,NA,NA,1,NA,NA,NA,1,NA,NA,NA,NA,NA,NA,NA,NA,NA,NA
E865,0,2,162,2015,1025,A,59,58,350,1,1,12,2,TH,D646,D361,NA,NA,NA,NA,NA,NA,NA,NA,NA,NA,NA,NA,NA,NA,NA,NA,NA
E866,1,2,130,2015,1037,A,69,78,215,1,1,12,2,TH,D646,D642,Fem,4,0,50,18,0,18,FEM,4,0.28,744,2657,1,4,0,0,NA
E866,0,2,139,2015,1110,A,99,79,274,1,1,12,2,TH,D646,D642,NA,NA,NA,NA,NA,NA,NA,NA,NA,NA,NA,NA,NA,NA,NA,NA,NA
E866,0,2,163,2015,936,A,69,71,400,1,1,12,2,TH,D646,D642,NA,NA,NA,NA,NA,NA,NA,NA,NA,NA,NA,NA,NA,NA,NA,NA,NA
E867,1,2,113,2015,1631,A,230,74,230,1,1,12,2,TH,D700,D361,Fem,0,12,50,18,0,30,FEM,0,0.26,2484,9554,5,19,0,0,NA
E867,0,2,117,2015,1048,A,81,101,245,1,1,12,2,TH,D700,D361,NA,NA,NA,NA,NA,NA,NA,NA,NA,NA,NA,NA,NA,NA,NA,NA,NA
E867,0,2,125,2015,1159,A,86,107,335,1,1,12,2,TH,D700,D361,NA,NA,NA,NA,NA,NA,NA,NA,NA,NA,NA,NA,NA,NA,NA,NA,NA
E867,0,2,139,2015,1137,A,75,120,320,1,1,12,2,TH,D700,D361,NA,NA,NA,NA,NA,NA,NA,NA,NA,NA,NA,NA,NA,NA,NA,NA,NA
E867,0,2,149,2015,1201,A,67,116,390,1,1,12,2,BB,D700,D361,NA,NA,5,NA,NA,NA,5,NA,NA,NA,NA,NA,NA,NA,NA,NA,NA
E867,0,2,163,2015,943,A,86,100,380,1,1,12,2,TB,D700,D361,NA,NA,NA,NA,NA,NA,NA,NA,NA,NA,NA,NA,NA,NA,NA,NA,NA
E868,1,1,111,2015,1420,A,98,69,260,1,1,2,NA,TB,D700,D631,NA,NA,NA,NA,NA,NA,NA,MEM,2,0.3,3,10,0,0,0,0,NA
E868,0,1,113,2015,1239,A,95,57,280,1,1,2,NA,TH,D700,D631,Mem,3,2,12,0,0,2,NA,NA,NA,NA,NA,NA,NA,NA,NA,NA
E868,0,1,117,2015,1041,A,67,90,290,1,1,2,NA,TH,D700,D631,NA,NA,NA,NA,NA,NA,NA,NA,NA,NA,NA,NA,NA,NA,NA,NA,NA
E868,0,1,125,2015,1157,A,83,106,340,1,1,2,NA,TH,D700,D631,NA,NA,NA,NA,NA,NA,NA,NA,NA,NA,NA,NA,NA,NA,NA,NA,NA
E868,0,1,138,2015,1020,A,103,76,390,1,1,2,NA,TB,D700,D631,NA,NA,NA,NA,NA,NA,NA,NA,NA,NA,NA,NA,NA,NA,NA,NA,NA
E868,0,1,149,2015,1208,A,74,108,450,1,1,2,NA,BB,D700,D631,NA,NA,NA,NA,NA,NA,NA,NA,NA,NA,NA,NA,NA,NA,NA,NA,NA
E871,1,1,125,2015,1247,A,190,122,300,1,1,2,NA,TB,D144,C290,Mem,4,0,100,2,0,2,MEM,4,0.27,3720,13778,0,0,0,0,NA
E871,0,1,151,2015,1118,A,170,113,350,1,1,2,NA,TH,D144,C290,NA,NA,10,NA,NA,NA,10,NA,NA,NA,NA,NA,NA,NA,NA,NA,NA
E872,1,2,118,2015,1017,A,14,17,220,1,1,12,2,TH,D686,D642,Fem,3,0,750,48,0,48,FEM,3,0.29,392,1352,0,0,0,0,NA
E872,0,2,125,2015,1105,A,44,14,280,1,1,12,2,BB,D686,D642,NA,NA,NA,NA,NA,NA,NA,NA,NA,NA,NA,NA,NA,NA,NA,NA,NA
E872,0,2,139,2015,1028,A,17,15,325,1,1,12,2,TH,D686,D642,NA,NA,NA,NA,NA,NA,NA,NA,NA,NA,NA,NA,NA,NA,NA,NA,NA
E872,0,2,149,2015,1016,A,54,15,375,1,1,12,2,TH,D686,D642,NA,NA,1,NA,NA,NA,1,NA,NA,NA,NA,NA,NA,NA,NA,NA,NA
E872,0,2,162,2015,930,A,17,14,410,1,1,12,2,TH,D686,D642,NA,NA,NA,NA,NA,NA,NA,NA,NA,NA,NA,NA,NA,NA,NA,NA,NA
E873,1,2,121,2015,1351,A,99,100,200,1,1,12,2,BB,D012,D361,Fem,1,34,20,12,0,46,FEM,1,0.19,2256,11874,0,0,0,0,NA
E873,0,2,124,2015,1415,A,107,103,240,1,1,12,2,TB,D012,D361,NA,NA,NA,NA,NA,NA,NA,NA,NA,NA,NA,NA,NA,NA,NA,NA,NA
E873,0,2,125,2015,1206,A,119,109,240,1,1,12,2,TH,D012,D361,NA,NA,NA,NA,NA,NA,NA,NA,NA,NA,NA,NA,NA,NA,NA,NA,NA
E873,0,2,138,2015,1048,A,124,108,280,1,1,12,2,BB,D012,D361,NA,NA,NA,NA,NA,NA,NA,NA,NA,NA,NA,NA,NA,NA,NA,NA,NA
E873,0,2,139,2015,1121,A,99,110,280,1,0,12,2,TB,D012,D361,NA,NA,NA,NA,NA,NA,NA,NA,NA,NA,NA,NA,NA,NA,NA,NA,NA
E873,0,2,149,2015,1153,A,79,91,315,1,1,12,2,TH,D012,D361,NA,NA,NA,NA,NA,NA,NA,NA,NA,NA,NA,NA,NA,NA,NA,NA,NA
E873,0,2,160,2015,1047,A,100,99,380,1,1,12,2,TH,D012,D361,NA,NA,NA,NA,NA,NA,NA,NA,NA,NA,NA,NA,NA,NA,NA,NA,NA
E874,1,2,119,2015,1255,A,97,105,210,1,1,12,2,TH,D012,D631,Fem,5,8,200,58,0,66,FEM,5,0.29,336,1159,0,0,0,0,NA
E874,0,2,130,2015,1059,A,93,102,310,1,1,12,2,TH,D012,D631,NA,NA,NA,NA,NA,NA,NA,NA,NA,NA,NA,NA,NA,NA,NA,NA,NA
E874,0,2,138,2015,1022,A,101,85,350,1,1,12,2,TB,D012,D631,NA,NA,NA,NA,NA,NA,NA,NA,NA,NA,NA,NA,NA,NA,NA,NA,NA
E874,0,2,150,2015,1124,A,99,98,365,1,1,12,2,TH,D012,D631,NA,NA,NA,NA,NA,NA,NA,NA,NA,NA,NA,NA,NA,NA,NA,NA,NA
E875,1,2,129,2015,1025,A,95,111,310,1,1,12,2,TH,D012,D361,Fem,1,2,0,48,1,51,FEM,1,0.32,161,503,0,0,0,0,NA
E875,0,2,150,2015,1135,A,100,112,335,1,1,12,2,TH,D012,D361,NA,NA,10,NA,NA,NA,10,NA,NA,NA,NA,NA,NA,NA,NA,NA,NA
E876,1,2,124,2015,1350,A,192,45,230,1,1,12,2,BB,D180,D155,Fem,2,7,30,6,0,13,FEM,2,0.36,0,0,0,0,0,0,NA
E876,0,2,128,2015,1242,A,199,30,255,1,1,12,2,TB,D180,D155,NA,NA,NA,NA,NA,NA,NA,NA,NA,NA,NA,NA,NA,NA,NA,NA,NA
E876,0,2,138,2015,1030,A,116,85,300,1,1,12,2,TB,D180,D155,NA,NA,NA,NA,NA,NA,NA,NA,NA,NA,NA,NA,NA,NA,NA,NA,NA
E876,0,2,152,2015,1125,A,197,39,350,1,1,12,2,TH,D180,D155,NA,NA,NA,NA,NA,NA,NA,NA,NA,NA,NA,NA,NA,NA,NA,NA,NA
E881,1,1,124,2015,1154,A,210,46,270,1,1,2,NA,BB,D321,D381,Mem,2,3,30,25,0,28,MEM,1,0.47,5,11,0,0,0,0,NA
E881,0,1,125,2015,1344,A,208,39,245,1,1,2,NA,TB,D321,D381,NA,NA,NA,NA,NA,NA,NA,NA,NA,NA,NA,NA,NA,NA,NA,NA,NA
E881,0,1,137,2015,1038,A,210,50,315,1,1,2,NA,TB,D321,D381,NA,NA,NA,NA,NA,NA,NA,NA,NA,NA,NA,NA,NA,NA,NA,NA,NA
E881,0,1,152,2015,1125,A,205,50,410,1,1,2,NA,TH,D321,D381,NA,NA,5,NA,NA,NA,5,NA,NA,NA,NA,NA,NA,NA,NA,NA,NA
E881,0,1,158,2015,1018,A,206,45,450,1,1,2,NA,TH,D321,D381,NA,NA,NA,NA,NA,NA,NA,NA,NA,NA,NA,NA,NA,NA,NA,NA,NA
E882,1,2,118,2015,1209,A,17,17,260,1,1,12,2,TH,D686,D631,Emg,1,4,50,26,0,30,EMG,1,0.26,32163,123704,0,0,0,0,NA
E882,0,2,125,2015,1113,A,15,31,340,1,1,17,4,TB,D686,D631,Post,1,3,20,2,0,5,PRE,0,0.21,266,1267,3,14,0,0,NA
E882,0,2,131,2015,1041,A,44,20,370,1,1,17,4,TH,D686,D631,NA,NA,NA,NA,NA,NA,NA,GEST,7,0.46,2104,4574,1,2,0,0,NA
E882,0,2,139,2015,1015,A,45,15,405,1,1,17,2,TB,D686,D631,Gest,15,11,0,0,0,11,NA,NA,NA,NA,NA,NA,NA,NA,NA,NA
E882,0,2,149,2015,1038,A,40,20,415,1,1,17,3,TH,D686,D631,Lac,25,0,0,0,0,0,NA,NA,NA,NA,NA,NA,NA,NA,NA,NA
E882,0,2,162,2015,933,A,17,14,420,1,1,17,4,TH,D686,D631,Lac,38,0,0,0,0,0,LAC,38,0.58,21,36,0,0,0,0,NA
E882,0,2,174,2015,1730,A,31,11,435,1,1,17,4,TH,D686,D631,Emb,0,0,0,3,0,3,EMB,0,0.58,9704,16731,0,0,0,0,NA
E885,1,1,121,2015,1124,A,24,29,310,1,1,2,NA,TH,D686,D631,Mem,3,1,150,13,0,14,MEM,3,0.26,62,238,0,0,0,0,NA
E885,0,1,128,2015,1408,A,46,20,355,1,1,2,NA,TH,D686,D631,NA,NA,NA,NA,NA,NA,NA,NA,NA,NA,NA,NA,NA,NA,NA,NA,NA
E885,0,1,139,2015,1019,A,45,15,420,1,1,2,NA,TH,D686,D631,NA,NA,NA,NA,NA,NA,NA,NA,NA,NA,NA,NA,NA,NA,NA,NA,NA
E885,0,1,149,2015,1020,A,46,15,490,1,1,2,NA,TH,D686,D631,NA,NA,5,NA,NA,NA,5,NA,NA,NA,NA,NA,NA,NA,NA,NA,NA
E885,0,1,162,2015,915,A,41,21,540,1,1,2,NA,TH,D686,D631,NA,NA,NA,NA,NA,NA,NA,NA,NA,NA,NA,NA,NA,NA,NA,NA,NA
E888,1,2,129,2015,1012,A,110,113,290,1,1,12,2,TH,D632,D139,Fem,5,12,3,0,0,12,FEM,5,0.5,87,174,0,0,0,0,NA
E888,0,2,138,2015,1056,A,128,124,310,1,1,12,2,BB,D632,D139,NA,NA,NA,NA,NA,NA,NA,NA,NA,NA,NA,NA,NA,NA,NA,NA,NA
E888,0,2,151,2015,1055,A,136,119,330,1,1,12,2,TH,D632,D139,NA,NA,10,NA,NA,NA,10,NA,NA,NA,NA,NA,NA,NA,NA,NA,NA
E888,0,2,159,2015,950,A,132,122,370,1,1,12,2,TH,D632,D139,NA,NA,NA,NA,NA,NA,NA,NA,NA,NA,NA,NA,NA,NA,NA,NA,NA
E891,1,2,139,2015,1025,A,98,112,250,1,1,12,2,TH,D012,D361,NA,NA,NA,NA,NA,NA,NA,NA,NA,NA,NA,NA,NA,NA,NA,NA,NA
E891,0,2,150,2015,1115,A,94,95,320,1,1,12,2,TH,D012,D361,NA,NA,NA,NA,NA,NA,NA,NA,NA,NA,NA,NA,NA,NA,NA,NA,NA
E891,0,2,160,2015,1058,A,103,109,365,1,1,12,2,TB,D012,D361,NA,NA,NA,NA,NA,NA,NA,NA,NA,NA,NA,NA,NA,NA,NA,NA,NA
E892,1,2,139,2015,1224,A,55,65,260,1,1,12,2,TH,D136,D361,NA,NA,NA,NA,NA,NA,NA,NA,NA,NA,NA,NA,NA,NA,NA,NA,NA
E892,0,2,149,2015,1154,A,67,114,350,1,1,12,2,BB,D136,D361,NA,NA,10,NA,NA,NA,10,NA,NA,NA,NA,NA,NA,NA,NA,NA,NA
E892,0,2,163,2015,950,A,68,111,380,1,1,12,2,TH,D136,D361,NA,NA,NA,NA,NA,NA,NA,NA,NA,NA,NA,NA,NA,NA,NA,NA,NA
E893,1,2,125,2015,1145,A,72,112,290,1,1,12,2,BB,D136,D642,Fem,3,0,25,25,0,25,FEM,3,0.37,2418,6535,0,0,0,0,NA
E893,0,2,139,2015,1141,A,70,118,325,1,1,12,2,TH,D136,D642,NA,NA,NA,NA,NA,NA,NA,NA,NA,NA,NA,NA,NA,NA,NA,NA,NA
E893,0,2,149,2015,1212,A,74,111,420,1,1,12,2,BB,D136,D642,NA,NA,10,NA,NA,NA,10,NA,NA,NA,NA,NA,NA,NA,NA,NA,NA
E893,0,2,163,2015,945,A,71,114,460,1,1,12,2,TH,D136,D642,NA,NA,NA,NA,NA,NA,NA,NA,NA,NA,NA,NA,NA,NA,NA,NA,NA
E895,1,2,121,2015,1128,A,27,24,250,1,1,12,2,BB,D190,D642,Fem,5,0,2,35,0,35,FEM,5,0.36,1746,4850,0,0,0,0,NA
E895,0,2,125,2015,1117,A,14,20,275,1,1,12,2,TH,D190,D642,NA,NA,NA,NA,NA,NA,NA,NA,NA,NA,NA,NA,NA,NA,NA,NA,NA
E895,0,2,139,2015,1013,A,45,15,320,1,1,12,2,TH,D190,D642,NA,NA,NA,NA,NA,NA,NA,NA,NA,NA,NA,NA,NA,NA,NA,NA,NA
E895,0,2,149,2015,1024,A,44,15,370,1,1,12,2,TH,D190,D642,NA,NA,5,NA,NA,NA,5,NA,NA,NA,NA,NA,NA,NA,NA,NA,NA
E895,0,2,162,2015,925,A,24,15,425,1,1,12,2,TH,D190,D642,NA,NA,NA,NA,NA,NA,NA,NA,NA,NA,NA,NA,NA,NA,NA,NA,NA
E896,1,2,125,2015,1046,A,99,25,350,1,1,12,2,BB,D128,D139,Fem,2,3,20,0,0,3,FEM,2,0.38,438,1153,0,0,0,0,NA
E896,0,2,138,2015,1005,A,117,53,405,1,1,12,2,TH,D128,D139,NA,NA,10,NA,NA,NA,10,NA,NA,NA,NA,NA,NA,NA,NA,NA,NA
E896,0,2,150,2015,1028,A,123,46,450,1,1,12,2,TH,D128,D139,NA,NA,NA,NA,NA,NA,NA,NA,NA,NA,NA,NA,NA,NA,NA,NA,NA
E896,0,2,160,2015,938,A,128,46,490,1,1,12,2,TH,D128,D139,NA,NA,NA,NA,NA,NA,NA,NA,NA,NA,NA,NA,NA,NA,NA,NA,NA
E903,1,1,125,2015,1311,A,180,80,190,1,1,2,NA,TH,E213,D381,Mem,3,2,5,36,0,38,MEM,3,0.27,510,1889,0,0,0,0,NA
E903,0,1,137,2015,1104,A,185,71,305,1,1,2,NA,TB,E213,D381,NA,NA,NA,NA,NA,NA,NA,NA,NA,NA,NA,NA,NA,NA,NA,NA,NA
E903,0,1,151,2015,1224,A,175,80,370,1,1,2,NA,TH,E213,D381,NA,NA,10,NA,NA,NA,10,NA,NA,NA,NA,NA,NA,NA,NA,NA,NA
E906,1,1,124,2015,1235,A,204,41,240,1,1,2,NA,BB,D179,D381,Mem,2,7,15,4,0,11,MEM,2,0.42,0,0,2,5,0,0,NA
E906,0,1,128,2015,1242,A,198,28,280,1,1,2,NA,BB,D179,D381,NA,NA,NA,NA,NA,NA,NA,NA,NA,NA,NA,NA,NA,NA,NA,NA,NA
E906,0,1,152,2015,1130,A,201,44,430,1,1,2,NA,TH,D179,D381,NA,NA,5,NA,NA,NA,5,NA,NA,NA,NA,NA,NA,NA,NA,NA,NA
E909,1,1,120,2015,1515,A,100,29,180,1,1,2,NA,TH,D129,D139,Mem,0,2,100,31,0,33,NA,NA,NA,NA,NA,NA,NA,NA,NA,NA
E909,0,1,128,2015,1148,A,88,10,275,1,1,2,NA,TB,D129,D139,NA,NA,NA,NA,NA,NA,NA,MEM,8,0.36,140657,390714,0,0,0,0,NA
E909,0,1,138,2015,1014,A,98,35,320,1,1,2,NA,TB,D129,D139,NA,NA,NA,NA,NA,NA,NA,NA,NA,NA,NA,NA,NA,NA,NA,NA,NA
E909,0,1,150,2015,1045,A,126,35,390,1,1,2,NA,TH,D129,D139,NA,NA,10,NA,NA,NA,10,NA,NA,NA,NA,NA,NA,NA,NA,NA,NA
E909,0,1,160,2015,1004,A,91,10,440,1,1,2,NA,TH,D129,D139,NA,NA,NA,NA,NA,NA,NA,NA,NA,NA,NA,NA,NA,NA,NA,NA,NA
E912,1,2,139,2015,1157,A,68,89,180,1,1,12,NA,TB,D131,NA,Fem,10,6,12,0,0,6,NA,NA,NA,NA,NA,NA,NA,NA,NA,NA
E912,0,2,149,2015,1144,A,63,94,245,1,1,12,NA,TH,D131,NA,NA,NA,1,NA,NA,NA,1,NA,NA,NA,NA,NA,NA,NA,NA,NA,NA
E912,0,2,163,2015,936,A,63,88,315,1,1,12,NA,TB,D131,D131,NA,NA,NA,NA,NA,NA,NA,NA,NA,NA,NA,NA,NA,NA,NA,NA,NA
E918,1,2,162,2015,1024,A,106,31,105,1,0,NA,NA,TB,D128,D155,Bab,1,0,1,1,0,1,NA,NA,NA,NA,NA,NA,NA,NA,NA,NA
E918,0,2,164,2015,1024,A,106,31,105,1,0,NA,NA,TB,D128,D155,NA,NA,NA,NA,NA,NA,NA,BAB,3,0.06,5,83,0,0,0,0,NA
E919,1,2,162,2015,1024,A,106,31,100,1,0,NA,NA,TB,D128,D155,Bab,1,0,0,3,0,3,BAB,1,0.01,0,0,0,0,0,0,NA
E919,0,2,164,2015,1024,A,106,31,100,1,0,NA,NA,TB,D128,D155,Bab,1,0,0,3,0,3,BAB,3,0.16,0,0,0,0,0,0,NA
E919,0,2,172,2015,1024,A,106,31,NA,1,0,NA,NA,TB,D128,D155,NA,NA,NA,NA,NA,NA,NA,BAB2,11,0.3,184320,614400,0,0,0,0,NA
E920,1,2,162,2015,1024,A,106,31,105,1,0,NA,NA,TB,D128,D155,Bab,1,0,3,4,0,4,NA,NA,NA,NA,NA,NA,NA,NA,NA,NA
E920,0,2,164,2015,1024,A,106,31,105,1,0,NA,NA,TB,D128,D155,NA,NA,NA,NA,NA,NA,NA,BAB,3,0.08,0,0,0,0,0,0,NA
E920,0,2,172,2015,1024,A,106,31,NA,1,0,NA,NA,TB,D128,D155,NA,NA,NA,NA,NA,NA,NA,BAB2,11,0.22,161,732,0,0,0,0,NA
E921,1,2,164,2015,1553,A,79,57,90,1,0,NA,NA,TB,D132,D361,Bab,1,23,0,18,0,41,BAB,1,0.03,0,0,0,0,0,0,NA
E922,1,1,164,2015,1553,A,79,57,85,1,0,NA,NA,TB,D132,D361,Bab,1,0,0,4,0,4,BAB,1,0.06,471,7850,0,0,0,0,NA
E923,1,2,164,2015,1553,A,79,57,80,1,0,NA,NA,TB,D132,D361,Bab,1,17,0,24,0,41,NA,NA,NA,NA,NA,NA,NA,NA,NA,NA
E923,0,2,166,2015,1553,A,79,57,80,1,0,NA,NA,TB,D132,D361,NA,NA,NA,NA,NA,NA,NA,BAB,3,0.06,462,7700,1,17,0,0,NA
E924,1,2,176,2015,1245,A,119,91,80,1,0,NA,NA,TB,7958,C290,Bab,1,0,0,4,0,4,NA,NA,NA,NA,NA,NA,NA,NA,NA,NA
E926,1,1,164,2015,1553,A,79,57,80,1,0,NA,NA,TB,D132,D361,Bab,1,39,0,0,0,39,BAB,1,0.01,446,44600,0,0,0,0,NA
E927,1,2,165,2015,1544,A,127,84,115,1,0,NA,NA,TB,D065,D361,Bab,0,20,0,3,0,23,BAB,0,0.02,80,4000,0,0,0,0,NA
E928,1,1,165,2015,1544,A,127,84,100,1,0,NA,NA,TB,D065,D361,Bab,0,3,0,0,0,3,BAB,0,0.1,10188,101880,0,0,0,0,NA
E929,1,1,165,2015,1544,A,127,84,125,1,0,NA,NA,TB,D065,D361,Bab,0,9,2,7,0,16,BAB,0,0.02,456,22800,0,0,0,0,NA
E930,1,2,165,2015,1544,A,127,84,110,1,0,NA,NA,TB,D065,C290,Bab,0,3,0,5,0,8,BAB,0,0.14,459,3279,0,0,0,0,NA
E931,1,1,165,2015,1440,A,83,49,110,1,0,NA,NA,TH,E222,D642,Bab,0,54,0,0,0,54,BAB,0,0.01,0,0,0,0,0,0,NA
E932,1,2,165,2015,1440,A,83,49,95,1,0,NA,NA,TH,E222,D642,Bab,0,75,0,1,0,76,NA,NA,NA,NA,NA,NA,NA,NA,NA,NA
E933,1,1,165,2015,1704,A,45,15,105,1,0,NA,NA,TH,E246,D642,Bab,1,1,3,5,0,6,BAB,1,0.06,0,0,0,0,0,0,NA
E934,1,2,166,2015,1457,A,205,79,140,1,0,NA,NA,TB,D192,A396,Bab,0,0,0,0,0,0,BAB,0,0.24,29,121,0,0,0,0,NA
E936,1,1,166,2015,1522,A,122,79,120,1,0,NA,NA,TB,D651,C290,Bab,0,11,0,11,0,22,BAB,0,0.16,0,0,0,0,0,0,NA
E937,1,1,166,2015,1522,A,122,79,115,1,0,NA,NA,TB,D651,C290,Bab,0,20,0,1,0,21,BAB,0,0.02,0,0,0,0,0,0,NA
E938,1,1,168,2015,1600,A,99,29,100,1,0,NA,NA,TB,D129,D361,Bab,0,52,0,0,0,52,NA,NA,NA,NA,NA,NA,NA,NA,NA,NA
E938,0,1,171,2015,1600,A,99,29,100,1,0,NA,NA,TB,D129,D361,NA,NA,NA,NA,NA,NA,NA,BAB,4,0.18,12936,71867,0,0,0,0,NA
E939,1,2,168,2015,1600,A,99,29,100,1,0,NA,NA,TB,D129,D361,Bab,1,9,0,2,0,11,NA,NA,NA,NA,NA,NA,NA,NA,NA,NA
E939,0,2,171,2015,1600,A,99,29,100,1,0,NA,NA,TB,D129,D361,NA,NA,NA,NA,NA,NA,NA,BAB,4,0.08,0,0,0,0,0,0,NA
E940,1,1,168,2015,1600,A,99,29,105,1,0,NA,NA,TB,D129,E297,Bab,1,21,0,0,0,21,BAB,1,0.04,560,14000,0,0,0,0,NA
E941,1,1,169,2015,1343,A,88,102,100,1,0,NA,NA,TB,D700,D642,Bab,1,11,0,0,0,11,BAB,1,0.02,106,5300,0,0,0,0,NA
E942,1,2,169,2015,1343,A,88,102,100,1,0,NA,NA,TB,D700,E325,Bab,1,32,0,0,0,32,BAB,1,0.02,0,0,0,0,0,0,NA
E943,1,2,169,2015,1343,A,88,102,110,1,0,NA,NA,TB,D700,D642,Bab,1,1,0,0,0,1,NA,NA,NA,NA,NA,NA,NA,NA,NA,NA
E943,0,2,172,2015,1343,A,88,102,110,1,0,NA,NA,TB,D700,D642,NA,NA,NA,NA,NA,NA,NA,BAB,4,0.04,429,10725,0,0,0,0,NA
E944,1,1,169,2015,1615,A,47,89,120,1,0,NA,NA,TB,D704,D642,Bab,0,2,0,3,0,5,NA,NA,NA,NA,NA,NA,NA,NA,NA,NA
E945,1,1,169,2015,1615,A,47,89,115,1,0,NA,NA,TB,D704,D642,Bab,0,1,0,5,0,6,NA,NA,NA,NA,NA,NA,NA,NA,NA,NA
E945,0,1,173,2015,1615,A,47,89,115,1,0,NA,NA,TB,D704,D642,NA,NA,NA,NA,NA,NA,NA,BAB,5,0.06,222,3700,21,350,0,0,NA
E946,1,1,169,2015,1615,A,47,89,110,1,0,NA,NA,TB,D704,D361,Bab,0,2,0,10,0,12,NA,NA,NA,NA,NA,NA,NA,NA,NA,NA
E946,0,1,172,2015,1615,A,47,89,110,1,0,NA,NA,TB,D704,D361,NA,NA,NA,NA,NA,NA,NA,BAB,3,0.06,238,3967,0,0,0,0,NA
E947,1,2,169,2015,1700,A,58,63,150,1,0,NA,NA,TB,D646,D642,Bab,0,0,0,3,0,3,BAB,0,0.04,2328,58200,0,0,0,0,NA
E948,1,2,169,2015,1700,A,58,63,140,1,0,NA,NA,TB,D646,D642,Bab,0,1,0,1,0,2,NA,NA,NA,NA,NA,NA,NA,NA,NA,NA
E948,0,2,172,2015,1700,A,58,63,140,1,0,NA,NA,TB,D646,D642,NA,NA,NA,NA,NA,NA,NA,BAB,3,0.04,40,1000,0,0,0,0,NA
E949,1,2,172,2015,1220,A,146,120,90,1,0,NA,NA,TH,E234,A396,Bab,1,10,0,0,0,10,BAB,1,0.01,795,79500,0,0,0,0,NA
E950,1,1,172,2015,1220,A,146,120,90,1,0,NA,NA,TH,E234,D155,Bab,1,34,0,0,0,34,NA,NA,NA,NA,NA,NA,NA,NA,NA,NA
E951,1,1,163,2015,1600,A,134,31,100,1,0,NA,NA,TH,D141,D155,Bab,0,0,0,2,0,2,NA,NA,NA,NA,NA,NA,NA,NA,NA,NA
E951,0,1,166,2015,1600,A,134,31,100,1,0,NA,NA,TH,D141,D155,NA,NA,NA,NA,NA,NA,NA,BAB,3,0.1,0,0,0,0,0,0,NA
E952,1,1,163,2015,1600,A,134,31,110,1,0,NA,NA,TH,D141,D155,Bab,0,0,0,0,0,0,NA,NA,NA,NA,NA,NA,NA,NA,NA,NA
E952,0,1,166,2015,1600,A,134,31,110,1,0,NA,NA,TH,D141,D155,NA,NA,NA,NA,NA,NA,NA,BAB,3,0.06,0,0,0,0,0,0,NA
E953,1,1,163,2015,1600,A,134,31,105,1,0,NA,NA,TH,D141,D155,Bab,0,0,0,4,0,4,NA,NA,NA,NA,NA,NA,NA,NA,NA,NA
E953,0,1,166,2015,1600,A,134,31,105,1,0,NA,NA,TH,D141,D155,NA,NA,NA,NA,NA,NA,NA,BAB,3,0.03,0,0,0,0,0,0,NA
E954,1,1,164,2015,1000,A,134,31,120,1,0,NA,NA,TH,D141,D155,Bab,1,3,0,5,0,8,BAB,1,0.01,0,0,0,0,0,0,NA
E955,1,1,164,2015,1150,A,71,31,110,1,0,NA,NA,TH,E246,D361,Bab,0,30,10,9,0,39,BAB,0,0.02,0,0,0,0,0,0,NA
E955,0,1,166,2015,1150,A,71,31,110,1,0,NA,NA,TH,E246,D361,NA,NA,NA,NA,NA,NA,NA,BAB,2,0.04,0,0,0,0,0,0,NA
E956,1,1,164,2015,1150,A,71,31,105,1,0,NA,NA,TH,E246,D361,Bab,0,15,20,17,0,32,NA,NA,NA,NA,NA,NA,NA,NA,NA,NA
E956,0,1,165,2015,1150,A,71,31,105,1,0,NA,NA,TH,E246,D361,NA,NA,NA,NA,NA,NA,NA,BAB,1,0.08,5,63,0,0,0,0,NA
E957,1,1,164,2015,1235,A,94,45,95,1,0,NA,NA,TH,E219,D361,Bab,0,8,12,5,0,13,NA,NA,NA,NA,NA,NA,NA,NA,NA,NA
E957,0,1,167,2015,1235,A,94,45,95,1,0,NA,NA,TH,E219,D361,NA,NA,NA,NA,NA,NA,NA,BAB,3,0.12,9,75,0,0,0,0,NA
E958,1,2,164,2015,1235,A,94,45,80,1,0,NA,NA,TH,E219,D642,Bab,0,42,0,7,0,49,BAB,0,0.01,0,0,0,0,0,0,NA
E959,1,2,164,2015,1235,A,94,45,75,1,0,NA,NA,TH,E219,D361,Bab,0,17,0,5,0,22,NA,NA,NA,NA,NA,NA,NA,NA,NA,NA
E959,0,2,167,2015,1235,A,94,45,75,1,0,NA,NA,TH,E219,D361,NA,NA,NA,NA,NA,NA,NA,BAB,3,0.04,0,0,0,0,1,25,NA
E960,1,2,164,2015,1427,A,165,22,95,1,0,NA,NA,TH,E242,D155,Bab,0,33,0,0,0,33,NA,NA,NA,NA,NA,NA,NA,NA,NA,NA
E960,0,2,167,2015,1427,A,165,22,95,1,0,NA,NA,TH,E242,D155,NA,NA,NA,NA,NA,NA,NA,BAB,3,0.06,9312,155200,0,0,0,0,NA
E961,1,1,164,2015,1427,A,165,22,100,1,0,NA,NA,TH,E242,D155,Bab,0,67,0,0,0,67,NA,NA,NA,NA,NA,NA,NA,NA,NA,NA
E961,0,1,167,2015,1427,A,165,22,100,1,0,NA,NA,TH,E242,D155,NA,NA,NA,NA,NA,NA,NA,BAB,3,0.02,1310,65500,0,0,0,0,NA
E962,1,2,164,2015,1427,A,165,22,100,1,0,NA,NA,TH,E242,D155,Bab,0,0,15,2,0,2,NA,NA,NA,NA,NA,NA,NA,NA,NA,NA
E962,0,2,167,2015,1427,A,165,22,100,1,0,NA,NA,TH,E242,D155,NA,NA,NA,NA,NA,NA,NA,BAB,3,0.12,393,3275,0,0,0,0,NA
E963,1,2,164,2015,1427,A,165,22,100,1,0,NA,NA,TH,E242,D155,Bab,0,51,0,1,0,52,NA,NA,NA,NA,NA,NA,NA,NA,NA,NA
E963,0,2,167,2015,1427,A,165,22,100,1,0,NA,NA,TH,E242,D155,NA,NA,NA,NA,NA,NA,NA,BAB,3,0.04,447,11175,0,0,0,0,NA
E964,1,2,164,2015,1515,A,217,38,120,1,0,NA,NA,TH,D321,D381,Bab,0,8,0,2,0,10,BAB,0,0.03,2094,69800,0,0,0,0,NA
E965,1,2,164,2015,1515,A,217,38,115,1,0,NA,NA,TH,D321,D381,Bab,0,8,0,5,0,13,NA,NA,NA,NA,NA,NA,NA,NA,NA,NA
E966,1,2,164,2015,1515,A,217,38,115,1,0,NA,NA,TH,D321,D381,Bab,0,13,0,15,0,28,NA,NA,NA,NA,NA,NA,NA,NA,NA,NA
E966,0,2,167,2015,1515,A,217,38,115,1,0,NA,NA,TH,D321,D381,NA,NA,NA,NA,NA,NA,NA,BAB,3,0.14,3540,25286,0,0,0,0,NA
E967,1,2,166,2015,1730,A,50,1,100,1,0,NA,NA,TH,E245,D642,Bab,0,0,1,7,0,7,NA,NA,NA,NA,NA,NA,NA,NA,NA,NA
E967,0,2,167,2015,1730,A,50,1,100,1,0,NA,NA,TH,E245,D642,NA,NA,NA,NA,NA,NA,NA,BAB,1,0.08,188,2350,0,0,0,0,NA
E968,1,1,166,2015,1730,A,50,1,100,1,0,NA,NA,TH,E245,D642,Bab,0,0,0,5,0,5,BAB,0,0.02,0,0,0,0,0,0,NA
E969,1,2,167,2015,1730,A,50,1,100,1,0,NA,NA,TH,E245,D642,Bab,0,0,3,8,0,8,BAB,1,0.04,0,0,0,0,0,0,NA
E970,1,2,167,2015,1336,A,199,123,100,1,0,NA,NA,TH,D144,D694,Bab,0,26,0,6,0,32,NA,NA,NA,NA,NA,NA,NA,NA,NA,NA
E970,0,2,169,2015,1336,A,199,123,100,1,0,NA,NA,TH,D144,D694,NA,NA,NA,NA,NA,NA,NA,BAB,3,0.12,61920,516000,0,0,0,0,NA
E971,1,1,167,2015,1659,A,228,34,105,1,0,NA,NA,TH,E254,D381,Bab,0,0,0,5,0,5,BAB,0,0.04,3240,81000,0,0,0,0,NA
E972,1,1,167,2015,1659,A,228,34,115,1,0,NA,NA,TH,E254,D381,Bab,0,20,4,6,0,26,BAB,0,0.02,2496,124800,0,0,0,0,NA
E973,1,2,167,2015,1336,A,199,123,100,1,0,NA,NA,TH,D144,C290,Bab,0,0,0,17,0,17,BAB,1,0.03,19728,657600,0,0,0,0,NA
E974,1,2,167,2015,1336,A,199,123,100,1,0,NA,NA,TH,D144,C290,Bab,0,9,0,7,0,16,BAB,1,0.03,4365,145500,0,0,0,0,NA
E975,1,1,167,2015,1336,A,199,123,100,1,0,NA,NA,TH,D144,D694,Bab,0,4,0,0,0,4,BAB,1,0.02,7128,356400,0,0,0,0,NA
E976,1,2,168,2015,1703,A,224,124,100,1,0,NA,NA,TH,E266,D381,Bab,0,21,0,5,0,26,BAB,0,0.02,0,0,0,0,0,0,NA
E977,1,1,168,2015,1703,A,224,124,95,1,0,NA,NA,TH,E266,D381,Bab,0,17,0,0,0,17,BAB,0,0.03,24,800,0,0,0,0,NA
E978,1,2,168,2015,1703,A,224,124,95,1,0,NA,NA,TH,E266,D381,Bab,0,5,0,0,0,5,NA,NA,NA,NA,NA,NA,NA,NA,NA,NA
E978,0,2,169,2015,1703,A,224,124,95,1,0,NA,NA,TH,E266,D381,NA,NA,NA,NA,NA,NA,NA,BAB,1,0.01,0,0,0,0,0,0,NA
E979,1,2,169,2015,1456,A,198,94,115,1,0,NA,NA,TH,E213,D381,Bab,1,7,0,0,0,7,BAB,1,0.04,5160,129000,0,0,0,0,NA
E980,1,1,170,2015,1506,A,207,121,125,1,0,NA,NA,TH,D671,D694,Bab,2,0,0,8,0,8,BAB,2,0.04,0,0,0,0,0,0,NA
E981,1,2,172,2015,1220,A,146,120,90,1,0,NA,NA,TH,E234,D155,Bab,1,11,0,0,0,11,BAB,1,0.04,21,525,0,0,0,0,NA
E982,1,1,172,2015,1246,A,229,67,150,1,0,NA,NA,TH,E249,D381,Bab,5,1,0,0,0,1,BAB2,5,0.08,0,0,0,0,0,0,NA
E983,1,1,172,2015,1451,A,159,105,130,1,0,NA,NA,TB,D142,D694,Bab,1,13,0,9,0,22,NA,NA,NA,NA,NA,NA,NA,NA,NA,NA
E983,0,1,174,2015,1451,A,159,105,130,1,0,NA,NA,TB,D142,D694,NA,NA,NA,NA,NA,NA,NA,BAB,3,0.04,1,25,0,0,0,0,NA
E984,1,2,172,2015,1451,A,159,105,135,1,0,NA,NA,TB,D142,E706,Bab,1,10,0,1,0,11,BAB,1,0.06,260,4333,0,0,0,0,NA
E985,1,1,174,2015,1658,A,65,111,140,1,0,NA,NA,TB,D136,E325,Bab,1,0,0,2,0,2,BAB,1,0.22,0,0,0,0,0,0,NA
E986,1,1,174,2015,1658,A,65,111,120,1,0,NA,NA,TB,D136,E703,Bab,1,0,0,7,0,7,BAB,1,0.05,3,60,0,0,0,0,NA
E987,1,1,174,2015,1658,A,65,111,145,1,0,NA,NA,TB,D136,D642,Bab,1,0,0,1,0,1,BAB,1,0.26,7416,28523,0,0,0,0,NA
E988,1,2,174,2015,1715,A,126,23,190,1,0,NA,NA,TH,E236,D155,Bab,7,1,0,25,0,26,BAB2,7,0.16,69984,437400,0,0,0,0,NA
E989,1,1,174,2015,1800,A,31,11,135,1,0,NA,NA,TH,E882,D642,Bab,0,0,0,2,0,2,BAB,0,0.03,27,900,0,0,0,0,NA
E990,1,2,174,2015,1830,A,-30,34,130,1,0,NA,NA,TH,E296,E703,Bab,1,1,0,1,0,2,BAB,1,0.08,1323,16538,1,13,0,0,NA
E991,1,2,174,2015,1830,A,-30,34,120,1,0,NA,NA,TH,E296,D642,Bab,1,0,0,0,0,0,BAB,1,0.02,1284,64200,0,0,0,0,NA
E992,1,1,174,2015,1813,A,100,104,90,1,0,NA,NA,TB,D012,E325,Bab,0,4,0,1,0,5,BAB,0,0.02,25,1250,0,0,0,0,NA
E993,1,1,174,2015,1813,A,100,104,95,1,0,NA,NA,TB,D012,E703,Bab,0,2,0,15,0,17,BAB,0,0.02,0,0,0,0,0,0,NA
E994,1,2,175,2015,1130,A,31,11,110,1,0,NA,NA,TH,E882,D642,Bab,2,1,0,3,0,4,BAB,2,0.02,0,0,0,0,0,0,NA
E995,1,2,175,2015,1130,A,31,11,120,1,0,NA,NA,TH,E882,D642,Bab,2,0,0,16,0,16,BAB,2,0.18,396,2200,0,0,0,0,NA
E996,1,1,175,2015,1432,A,-30,34,140,1,0,NA,NA,TH,E296,D642,Bab,2,0,0,8,0,8,BAB,2,0.1,0,0,0,0,0,0,NA
E997,1,1,175,2015,1551,A,75,104,100,1,0,NA,NA,TB,D131,E325,Bab,0,9,0,12,0,21,BAB,1,0.01,121,12100,0,0,0,0,NA
E998,1,2,175,2015,1551,A,75,104,105,1,0,NA,NA,TB,D131,D361,Bab,0,7,0,2,0,9,BAB,1,0.04,3612,90300,0,0,0,0,NA
F501,1,1,175,2015,1551,A,75,104,110,1,0,NA,NA,TB,D131,E325,Bab,0,19,0,3,0,22,BAB,1,0.03,1650,55000,0,0,0,0,NA
F502,1,2,175,2015,1631,A,100,104,80,1,0,NA,NA,TB,D012,E325,Bab,1,0,0,2,0,2,BAB,1,0.02,173,8650,0,0,0,0,NA
F503,1,2,176,2015,1245,A,119,91,85,1,0,NA,NA,TB,7958,D361,Bab,1,0,0,6,0,6,BAB,1,0.02,85,4250,0,0,0,0,NA
F504,1,2,176,2015,1243,A,280,48,155,1,0,NA,NA,TH,E831,D381,Bab,3,3,0,100,0,103,BAB,3,0.22,1248,5673,0,0,0,0,NA
F505,1,1,176,2015,1309,A,68,58,155,1,0,NA,NA,TB,D648,D361,Bab,0,4,0,0,0,4,BAB,0,0.02,1,50,0,0,0,0,NA
,,,,,,,,,,,,,,,,,,,,,,,,,,,,,,,,,
,,,,,,,,,,,,,,,,,,,,,,,,,,,,,,,,,
,,,,,,,,,,,,,,,,,,,,,,,,,,,,,,,,,
,,,,,,,,,,,,,,,,,,,,,,,,,,,,,,,,,
,,,,,,,,,,,,,,,,,,,,,,,,,,,,,,,,,
,,,,,,,,,,,,,,,,,,,,,,,,,,,,,,,,,
,,,,,,,,,,,,,,,,,,,,,,,,,,,,,,,,,
,,,,,,,,,,,,,,,,,,,,,,,,,,,,,,,,,
,,,,,,,,,,,,,,,,,,,,,,,,,,,,,,,,,
,,,,,,,,,,,,,,,,,,,,,,,,,,,,,,,,,
,,,,,,,,,,,,,,,,,,,,,,,,,,,,,,,,,
,,,,,,,,,,,,,,,,,,,,,,,,,,,,,,,,,
,,,,,,,,,,,,,,,,,,,,,,,,,,,,,,,,,
,,,,,,,,,,,,,,,,,,,,,,,,,,,,,,,,,
,,,,,,,,,,,,,,,,,,,,,,,,,,,,,,,,,
,,,,,,,,,,,,,,,,,,,,,,,,,,,,,,,,,
,,,,,,,,,,,,,,,,,,,,,,,,,,,,,,,,,
,,,,,,,,,,,,,,,,,,,,,,,,,,,,,,,,,
,,,,,,,,,,,,,,,,,,,,,,,,,,,,,,,,,
,,,,,,,,,,,,,,,,,,,,,,,,,,,,,,,,,
,,,,,,,,,,,,,,,,,,,,,,,,,,,,,,,,,
,,,,,,,,,,,,,,,,,,,,,,,,,,,,,,,,,
,,,,,,,,,,,,,,,,,,,,,,,,,,,,,,,,,
,,,,,,,,,,,,,,,,,,,,,,,,,,,,,,,,,
,,,,,,,,,,,,,,,,,,,,,,,,,,,,,,,,,
,,,,,,,,,,,,,,,,,,,,,,,,,,,,,,,,,
,,,,,,,,,,,,,,,,,,,,,,,,,,,,,,,,,
,,,,,,,,,,,,,,,,,,,,,,,,,,,,,,,,,
,,,,,,,,,,,,,,,,,,,,,,,,,,,,,,,,,
,,,,,,,,,,,,,,,,,,,,,,,,,,,,,,,,,
,,,,,,,,,,,,,,,,,,,,,,,,,,,,,,,,,
,,,,,,,,,,,,,,,,,,,,,,,,,,,,,,,,,
,,,,,,,,,,,,,,,,,,,,,,,,,,,,,,,,,
,,,,,,,,,,,,,,,,,,,,,,,,,,,,,,,,,
,,,,,,,,,,,,,,,,,,,,,,,,,,,,,,,,,
,,,,,,,,,,,,,,,,,,,,,,,,,,,,,,,,,
,,,,,,,,,,,,,,,,,,,,,,,,,,,,,,,,,
,,,,,,,,,,,,,,,,,,,,,,,,,,,,,,,,,
,,,,,,,,,,,,,,,,,,,,,,,,,,,,,,,,,
,,,,,,,,,,,,,,,,,,,,,,,,,,,,,,,,,
,,,,,,,,,,,,,,,,,,,,,,,,,,,,,,,,,
,,,,,,,,,,,,,,,,,,,,,,,,,,,,,,,,,
,,,,,,,,,,,,,,,,,,,,,,,,,,,,,,,,,
,,,,,,,,,,,,,,,,,,,,,,,,,,,,,,,,,
,,,,,,,,,,,,,,,,,,,,,,,,,,,,,,,,,
,,,,,,,,,,,,,,,,,,,,,,,,,,,,,,,,,
,,,,,,,,,,,,,,,,,,,,,,,,,,,,,,,,,
,,,,,,,,,,,,,,,,,,,,,,,,,,,,,,,,,
,,,,,,,,,,,,,,,,,,,,,,,,,,,,,,,,,
,,,,,,,,,,,,,,,,,,,,,,,,,,,,,,,,,
,,,,,,,,,,,,,,,,,,,,,,,,,,,,,,,,,
,,,,,,,,,,,,,,,,,,,,,,,,,,,,,,,,,
,,,,,,,,,,,,,,,,,,,,,,,,,,,,,,,,,
,,,,,,,,,,,,,,,,,,,,,,,,,,,,,,,,,
,,,,,,,,,,,,,,,,,,,,,,,,,,,,,,,,,
,,,,,,,,,,,,,,,,,,,,,,,,,,,,,,,,,
,,,,,,,,,,,,,,,,,,,,,,,,,,,,,,,,,
,,,,,,,,,,,,,,,,,,,,,,,,,,,,,,,,,
,,,,,,,,,,,,,,,,,,,,,,,,,,,,,,,,,
,,,,,,,,,,,,,,,,,,,,,,,,,,,,,,,,,
,,,,,,,,,,,,,,,,,,,,,,,,,,,,,,,,,
,,,,,,,,,,,,,,,,,,,,,,,,,,,,,,,,,
,,,,,,,,,,,,,,,,,,,,,,,,,,,,,,,,,
,,,,,,,,,,,,,,,,,,,,,,,,,,,,,,,,,
,,,,,,,,,,,,,,,,,,,,,,,,,,,,,,,,,
,,,,,,,,,,,,,,,,,,,,,,,,,,,,,,,,,
,,,,,,,,,,,,,,,,,,,,,,,,,,,,,,,,,
,,,,,,,,,,,,,,,,,,,,,,,,,,,,,,,,,
,,,,,,,,,,,,,,,,,,,,,,,,,,,,,,,,,
,,,,,,,,,,,,,,,,,,,,,,,,,,,,,,,,,
,,,,,,,,,,,,,,,,,,,,,,,,,,,,,,,,,
,,,,,,,,,,,,,,,,,,,,,,,,,,,,,,,,,
,,,,,,,,,,,,,,,,,,,,,,,,,,,,,,,,,
,,,,,,,,,,,,,,,,,,,,,,,,,,,,,,,,,
,,,,,,,,,,,,,,,,,,,,,,,,,,,,,,,,,
,,,,,,,,,,,,,,,,,,,,,,,,,,,,,,,,,
,,,,,,,,,,,,,,,,,,,,,,,,,,,,,,,,,
,,,,,,,,,,,,,,,,,,,,,,,,,,,,,,,,,
,,,,,,,,,,,,,,,,,,,,,,,,,,,,,,,,,
,,,,,,,,,,,,,,,,,,,,,,,,,,,,,,,,,
,,,,,,,,,,,,,,,,,,,,,,,,,,,,,,,,,
,,,,,,,,,,,,,,,,,,,,,,,,,,,,,,,,,
,,,,,,,,,,,,,,,,,,,,,,,,,,,,,,,,,
,,,,,,,,,,,,,,,,,,,,,,,,,,,,,,,,,
,,,,,,,,,,,,,,,,,,,,,,,,,,,,,,,,,
,,,,,,,,,,,,,,,,,,,,,,,,,,,,,,,,,
,,,,,,,,,,,,,,,,,,,,,,,,,,,,,,,,,
,,,,,,,,,,,,,,,,,,,,,,,,,,,,,,,,,
,,,,,,,,,,,,,,,,,,,,,,,,,,,,,,,,,
,,,,,,,,,,,,,,,,,,,,,,,,,,,,,,,,,
,,,,,,,,,,,,,,,,,,,,,,,,,,,,,,,,,
,,,,,,,,,,,,,,,,,,,,,,,,,,,,,,,,,
,,,,,,,,,,,,,,,,,,,,,,,,,,,,,,,,,
,,,,,,,,,,,,,,,,,,,,,,,,,,,,,,,,,
,,,,,,,,,,,,,,,,,,,,,,,,,,,,,,,,,
,,,,,,,,,,,,,,,,,,,,,,,,,,,,,,,,,
,,,,,,,,,,,,,,,,,,,,,,,,,,,,,,,,,
,,,,,,,,,,,,,,,,,,,,,,,,,,,,,,,,,
,,,,,,,,,,,,,,,,,,,,,,,,,,,,,,,,,
,,,,,,,,,,,,,,,,,,,,,,,,,,,,,,,,,
,,,,,,,,,,,,,,,,,,,,,,,,,,,,,,,,,
,,,,,,,,,,,,,,,,,,,,,,,,,,,,,,,,,
,,,,,,,,,,,,,,,,,,,,,,,,,,,,,,,,,
,,,,,,,,,,,,,,,,,,,,,,,,,,,,,,,,,
,,,,,,,,,,,,,,,,,,,,,,,,,,,,,,,,,
,,,,,,,,,,,,,,,,,,,,,,,,,,,,,,,,,
,,,,,,,,,,,,,,,,,,,,,,,,,,,,,,,,,
,,,,,,,,,,,,,,,,,,,,,,,,,,,,,,,,,
,,,,,,,,,,,,,,,,,,,,,,,,,,,,,,,,,
,,,,,,,,,,,,,,,,,,,,,,,,,,,,,,,,,
,,,,,,,,,,,,,,,,,,,,,,,,,,,,,,,,,
,,,,,,,,,,,,,,,,,,,,,,,,,,,,,,,,,
,,,,,,,,,,,,,,,,,,,,,,,,,,,,,,,,,
,,,,,,,,,,,,,,,,,,,,,,,,,,,,,,,,,
,,,,,,,,,,,,,,,,,,,,,,,,,,,,,,,,,
,,,,,,,,,,,,,,,,,,,,,,,,,,,,,,,,,
,,,,,,,,,,,,,,,,,,,,,,,,,,,,,,,,,
,,,,,,,,,,,,,,,,,,,,,,,,,,,,,,,,,
,,,,,,,,,,,,,,,,,,,,,,,,,,,,,,,,,
,,,,,,,,,,,,,,,,,,,,,,,,,,,,,,,,,
,,,,,,,,,,,,,,,,,,,,,,,,,,,,,,,,,
,,,,,,,,,,,,,,,,,,,,,,,,,,,,,,,,,
,,,,,,,,,,,,,,,,,,,,,,,,,,,,,,,,,
,,,,,,,,,,,,,,,,,,,,,,,,,,,,,,,,,
,,,,,,,,,,,,,,,,,,,,,,,,,,,,,,,,,
,,,,,,,,,,,,,,,,,,,,,,,,,,,,,,,,,
,,,,,,,,,,,,,,,,,,,,,,,,,,,,,,,,,
,,,,,,,,,,,,,,,,,,,,,,,,,,,,,,,,,
,,,,,,,,,,,,,,,,,,,,,,,,,,,,,,,,,
,,,,,,,,,,,,,,,,,,,,,,,,,,,,,,,,,
,,,,,,,,,,,,,,,,,,,,,,,,,,,,,,,,,
,,,,,,,,,,,,,,,,,,,,,,,,,,,,,,,,,
,,,,,,,,,,,,,,,,,,,,,,,,,,,,,,,,,
,,,,,,,,,,,,,,,,,,,,,,,,,,,,,,,,,
,,,,,,,,,,,,,,,,,,,,,,,,,,,,,,,,,
,,,,,,,,,,,,,,,,,,,,,,,,,,,,,,,,,
,,,,,,,,,,,,,,,,,,,,,,,,,,,,,,,,,
,,,,,,,,,,,,,,,,,,,,,,,,,,,,,,,,,
,,,,,,,,,,,,,,,,,,,,,,,,,,,,,,,,,
,,,,,,,,,,,,,,,,,,,,,,,,,,,,,,,,,
,,,,,,,,,,,,,,,,,,,,,,,,,,,,,,,,,
,,,,,,,,,,,,,,,,,,,,,,,,,,,,,,,,,
,,,,,,,,,,,,,,,,,,,,,,,,,,,,,,,,,
,,,,,,,,,,,,,,,,,,,,,,,,,,,,,,,,,
,,,,,,,,,,,,,,,,,,,,,,,,,,,,,,,,,
,,,,,,,,,,,,,,,,,,,,,,,,,,,,,,,,,
,,,,,,,,,,,,,,,,,,,,,,,,,,,,,,,,,
,,,,,,,,,,,,,,,,,,,,,,,,,,,,,,,,,
,,,,,,,,,,,,,,,,,,,,,,,,,,,,,,,,,
,,,,,,,,,,,,,,,,,,,,,,,,,,,,,,,,,
,,,,,,,,,,,,,,,,,,,,,,,,,,,,,,,,,
,,,,,,,,,,,,,,,,,,,,,,,,,,,,,,,,,
,,,,,,,,,,,,,,,,,,,,,,,,,,,,,,,,,
,,,,,,,,,,,,,,,,,,,,,,,,,,,,,,,,,
,,,,,,,,,,,,,,,,,,,,,,,,,,,,,,,,,
,,,,,,,,,,,,,,,,,,,,,,,,,,,,,,,,,
,,,,,,,,,,,,,,,,,,,,,,,,,,,,,,,,,
,,,,,,,,,,,,,,,,,,,,,,,,,,,,,,,,,
,,,,,,,,,,,,,,,,,,,,,,,,,,,,,,,,,
